date,suburb,cooling_risk_category,tmax,tmin,daily_temp_range,dewpoint_mean,humidity_mean,wind_speed_mean,air_pressure_mean,precipitation_total,distance_to_coast_km,distance_to_water_km,is_coastal,tree_canopy_percent,tree_canopy_area_m2,suburb_area_inside_gsr_m2,cadastred_suburb_area_m2,month,is_summer,actual,predicted,prob_cooling_failure
2020-07-12,Campbelltown,Not hot day,16.627686,5.7398987,10.8877873,8.300150529166666,89.84182500000001,1.26039702375,1000.76546875,7.06624974346,40.0,10.0,0,10.7411,1197240,11143979.7879,11146300.0,7,0,0,0,0.021416966029636265
2020-08-28,Campbelltown,Not hot day,18.203278,6.119171,12.084107000000001,1.9806747482083333,54.379488625,2.0782871025,1009.0554029166666,0.0,40.0,10.0,0,10.7411,1197240,11143979.7879,11146300.0,8,0,0,0,0.007688743674559815
2020-10-24,Bondi,Not hot day,20.649292,19.007843,1.641448999999998,18.214614916666665,90.17406466666667,5.5222730250000005,1000.1150016666667,9.778022689,0.5,0.5,1,19.5728,170988,873744.5671999999,873599.0,10,0,0,0,0.10850608628206
2020-01-02,Bondi,Not hot day,22.018158,19.85202,2.166138,16.996217083333335,78.15489508333333,5.388210320833333,1013.4611254166666,0.34713744788,0.5,0.5,1,19.5728,170988,873744.5671999999,873599.0,1,1,0,0,0.18997147744870774
2020-12-17,Campbelltown,Low risk,31.457367,20.569855,10.887512000000001,21.029408874999998,80.18644208333333,1.4292895654166669,991.2625937500001,5.88130959312,40.0,10.0,0,10.7411,1197240,11143979.7879,11146300.0,12,1,0,0,0.40541854611518274
2020-10-27,Campbelltown,Not hot day,19.128204,12.226532,6.901672,11.435114562499999,79.50909379166667,3.3690888708333335,1004.8594175,2.898216244,40.0,10.0,0,10.7411,1197240,11143979.7879,11146300.0,10,0,0,0,0.03062030882035398
2020-06-21,Campbelltown,Not hot day,17.220825,7.7758484,9.4449766,8.509247995833332,83.19334829166667,1.6800168800000002,997.3702283333333,5.8484077036999995,40.0,10.0,0,10.7411,1197240,11143979.7879,11146300.0,6,0,0,0,0.023467679688653306
2020-09-17,Parramatta,High risk,30.378632,11.717743,18.660888999999997,11.228511770833334,64.07359833333334,3.358100725,1015.1534433333333,0.4100799558,20.0,1.0,0,17.0356,933920,5481959.1784,5482170.0,9,0,1,0,0.19807145092690073
2020-08-04,Bondi,Not hot day,19.040863,11.070557,7.970306000000001,7.413352995833333,64.17733079166666,5.29598025,1006.5385016666668,0.0,0.5,0.5,1,19.5728,170988,873744.5671999999,873599.0,8,0,0,0,0.006621373253768275
2020-09-03,Parramatta,Low risk,29.806976,13.474915,16.332061,9.234654808333334,49.85083766666667,4.090624991666666,1008.0578341666666,0.0,20.0,1.0,0,17.0356,933920,5481959.1784,5482170.0,9,0,0,0,0.11239720279057891
2020-08-27,Campbelltown,Not hot day,20.84903,1.8749084,18.9741216,2.0050671891666667,62.473588125,2.298642975,1008.8008708333333,0.0,40.0,10.0,0,10.7411,1197240,11143979.7879,11146300.0,8,0,0,0,0.02693269036491081
2020-09-20,Bondi,Not hot day,18.194946,16.62497,1.5699760000000005,15.275077875000001,86.273107875,6.983055516666667,1009.89603,12.1674539003,0.5,0.5,1,19.5728,170988,873744.5671999999,873599.0,9,0,0,0,0.05609304252093433
2020-04-27,Bondi,Not hot day,19.959442,17.503113,2.456329,15.385038999999999,80.51774254166666,4.3973314375,1018.15449125,4.7307014406,0.5,0.5,1,19.5728,170988,873744.5671999999,873599.0,4,0,0,0,0.028925053527527632
2020-05-03,Parramatta,Not hot day,18.98526,9.570038,9.415222,4.623074895833333,57.022430125,3.8296511875,1009.6954133333334,0.0,20.0,1.0,0,17.0356,933920,5481959.1784,5482170.0,5,0,0,0,0.006445243876110169
2020-07-09,Bondi,Not hot day,15.86087,12.585449,3.2754209999999997,10.656712854166667,78.74398966666666,2.370283779166667,1024.38960625,0.20503997856,0.5,0.5,1,19.5728,170988,873744.5671999999,873599.0,7,0,0,0,0.00015216459494213477
2020-12-27,Campbelltown,Low risk,32.187836,15.581818,16.606018,16.807289145833334,71.82730637499999,1.60455744,996.0742720833333,2.3255348183,40.0,10.0,0,10.7411,1197240,11143979.7879,11146300.0,12,1,0,0,0.4554204316314215
2020-11-25,Campbelltown,Low risk,24.656006,15.950714,8.705292000000002,15.142921375,75.14744666666667,2.114012079583333,998.6206916666666,0.7815361013600001,40.0,10.0,0,10.7411,1197240,11143979.7879,11146300.0,11,0,0,1,0.659430196546808
2020-09-19,Parramatta,Not hot day,22.814331,14.991119,7.823212,15.4346631875,83.03641054166667,2.884385174166667,1016.7780316666667,2.2053718609999997,20.0,1.0,0,17.0356,933920,5481959.1784,5482170.0,9,0,0,0,0.02558060453675377
2020-03-27,Parramatta,Not hot day,22.142487,14.563568,7.578918999999999,14.283189104166667,78.38744670833333,2.2480125291666666,1018.4779429166666,1.286983496,20.0,1.0,0,17.0356,933920,5481959.1784,5482170.0,3,0,0,0,0.0411861710002311
2020-04-09,Bondi,Not hot day,19.620087,18.001617,1.618470000000002,15.135686208333333,78.37055016666666,3.7287021708333334,1020.3690741666666,2.0194053656,0.5,0.5,1,19.5728,170988,873744.5671999999,873599.0,4,0,0,0,0.021957291216835238
2020-11-30,Campbelltown,Not hot day,22.711517,17.159088,5.552429,13.330907125000001,67.29472116666666,3.0553941208333337,1001.6382104166668,0.31185150112,40.0,10.0,0,10.7411,1197240,11143979.7879,11146300.0,11,0,0,0,0.1155344170306217
2020-10-03,Bondi,Not hot day,20.02475,15.226288,4.798462000000001,14.624088354166666,81.47954754166666,5.532103175,1018.9521670833333,0.0,0.5,0.5,1,19.5728,170988,873744.5671999999,873599.0,10,0,0,0,0.027540289653826534
2020-07-23,Parramatta,Not hot day,18.20398,2.7864075,15.417572500000002,6.307352695833333,80.01190279166667,1.3783206954166667,1017.9006916666667,0.0,20.0,1.0,0,17.0356,933920,5481959.1784,5482170.0,7,0,0,0,0.0026842427653696794
2020-03-11,Parramatta,Moderate risk,24.065826,13.687164,10.378662000000002,14.718499541666667,77.08660175,2.1373556775,1015.4868291666667,0.72908400896,20.0,1.0,0,17.0356,933920,5481959.1784,5482170.0,3,0,0,0,0.2370756162060753
2020-10-04,Campbelltown,Low risk,30.617523,10.546143,20.071379999999998,12.139631195652175,65.47661213043477,2.019980877826087,1004.1332147826087,0.0,40.0,10.0,0,10.7411,1197240,11143979.7879,11146300.0,10,0,0,0,0.13735970432726125
2020-04-25,Parramatta,Low risk,26.896301,10.178314,16.717987,11.812631000000001,70.32652070833333,2.051527092916667,1012.157515,0.0,20.0,1.0,0,17.0356,933920,5481959.1784,5482170.0,4,0,0,0,0.07030052590648522
2020-05-25,Campbelltown,Not hot day,15.577484,11.924194,3.65329,9.083909345833334,75.07691683333333,5.101947079166666,1003.0790341666667,3.6344528026600003,40.0,10.0,0,10.7411,1197240,11143979.7879,11146300.0,5,0,0,0,0.013738743672880747
2020-02-29,Parramatta,Moderate risk,25.825684,16.894714,8.930969999999999,15.973074541666668,72.59286808333333,2.306208520833333,1008.4912733333334,0.5822181715,20.0,1.0,0,17.0356,933920,5481959.1784,5482170.0,2,1,0,1,0.7565334242318525
2020-09-04,Campbelltown,Not hot day,20.242523,12.366547,7.875975999999998,12.018118583333333,75.67444620833334,1.3630853125,1000.6873158333333,3.6754608218,40.0,10.0,0,10.7411,1197240,11143979.7879,11146300.0,9,0,0,0,0.021250554075614193
2020-04-17,Parramatta,Low risk,26.714935,15.440155,11.27478,9.335194945833333,52.474822375,2.7426362083333333,1003.057455,0.0,20.0,1.0,0,17.0356,933920,5481959.1784,5482170.0,4,0,0,0,0.18189607271951247
2020-02-28,Bondi,Not hot day,22.238892,19.487946,2.750945999999999,15.594161958333332,70.18985991666666,5.1139625625,1006.7074858333334,0.24986267386,0.5,0.5,1,19.5728,170988,873744.5671999999,873599.0,2,1,0,0,0.2384279825191025
2020-04-01,Parramatta,Moderate risk,24.320862,18.606293,5.714569000000001,18.845354625,86.634397125,2.5431060975,1010.9983679166667,2.624988581,20.0,1.0,0,17.0356,933920,5481959.1784,5482170.0,4,0,0,1,0.7244279918514642
2020-12-19,Campbelltown,Not hot day,19.410095,17.509186,1.9009089999999986,15.340094291666666,82.50005529166667,2.7007170670833336,1001.4674591666667,2.761840814,40.0,10.0,0,10.7411,1197240,11143979.7879,11146300.0,12,1,0,0,0.15722116969432917
2020-01-22,Campbelltown,Low risk,32.567474,18.481537,14.085936999999998,17.771990416666664,66.40464204166666,2.3736023333333334,994.1592175000001,0.0,40.0,10.0,0,10.7411,1197240,11143979.7879,11146300.0,1,1,0,0,0.33542018219596825
2020-07-05,Bondi,Not hot day,16.358429,11.51947,4.838959000000001,7.401796995833333,66.60607329166668,7.072415645833334,1016.6771937499999,0.0,0.5,0.5,1,19.5728,170988,873744.5671999999,873599.0,7,0,0,0,0.0019610075071735955
2020-04-22,Parramatta,Low risk,25.324188,10.954376,14.369812,9.994099916666666,64.38852370833332,1.9287861670833335,1010.25328125,0.0,20.0,1.0,0,17.0356,933920,5481959.1784,5482170.0,4,0,0,0,0.03392047570972468
2020-01-09,Parramatta,High risk,25.79483,21.339813,4.455017000000002,17.912620625,73.119870875,3.2165797499999997,1009.3730379166667,0.96082687366,20.0,1.0,0,17.0356,933920,5481959.1784,5482170.0,1,1,1,1,0.8448605659936235
2020-05-23,Campbelltown,Not hot day,16.182343,11.620148,4.562194999999999,8.353272804166666,70.56653866666666,4.6586308875,993.0063987499999,5.585193622,40.0,10.0,0,10.7411,1197240,11143979.7879,11146300.0,5,0,0,0,0.015340731653500986
2020-09-10,Parramatta,Not hot day,17.169403,12.189148,4.980255,9.201296525,73.62191962499999,3.524656879166667,1021.1180425000001,0.772953032,20.0,1.0,0,17.0356,933920,5481959.1784,5482170.0,9,0,0,0,0.001331346423906264
2020-06-29,Campbelltown,Not hot day,15.276215,8.109131,7.167084000000001,8.6132203,86.11008141666667,1.6856126195833332,1012.31596875,1.0061264122,40.0,10.0,0,10.7411,1197240,11143979.7879,11146300.0,6,0,0,0,0.014707514827176377
2020-12-07,Campbelltown,Low risk,28.49649,12.879059,15.617431000000002,7.674111766666667,45.747602416666666,3.5317853983333336,989.9550533333332,0.0,40.0,10.0,0,10.7411,1197240,11143979.7879,11146300.0,12,1,0,0,0.1662782267619444
2020-10-26,Bondi,Not hot day,16.239624,14.76889,1.4707339999999984,12.316632687499999,81.82747891666666,12.690739479166666,1012.4860145833333,36.66400923,0.5,0.5,1,19.5728,170988,873744.5671999999,873599.0,10,0,0,0,0.0072629411008862665
2020-05-08,Bondi,Not hot day,23.315277,16.311493,7.003784,13.365964270833333,68.19517545833334,5.175244166666666,1012.2993783333333,0.0,0.5,0.5,1,19.5728,170988,873744.5671999999,873599.0,5,0,0,0,0.09993993903332925
2020-05-19,Parramatta,Not hot day,20.93222,11.311798,9.620422000000001,12.282702166666667,82.92542458333334,1.4822031191666667,1020.2142454166666,0.18692016445999998,20.0,1.0,0,17.0356,933920,5481959.1784,5482170.0,5,0,0,0,0.001331346423906264
2020-03-27,Bondi,Not hot day,20.195099,19.022491,1.1726080000000003,13.631740479166666,68.51613466666667,4.1878904708333335,1021.0646158333334,0.822067262,0.5,0.5,1,19.5728,170988,873744.5671999999,873599.0,3,0,0,0,0.04482004066259069
2020-11-15,Parramatta,Low risk,29.374237,13.582428,15.791809,15.819048583333334,73.915831625,2.20855049125,1007.3506883333333,0.00143051148,20.0,1.0,0,17.0356,933920,5481959.1784,5482170.0,11,0,0,0,0.1803982515725588
2020-09-07,Campbelltown,Not hot day,21.222687,8.874603,12.348084,9.9889387375,73.65074941666667,2.447029675,1015.4048054166666,0.00762939454,40.0,10.0,0,10.7411,1197240,11143979.7879,11146300.0,9,0,0,0,0.0028404879018653364
2020-05-21,Parramatta,Not hot day,18.340057,9.976929,8.363128000000001,12.251074541666666,84.353388125,2.613005622083333,1004.9746833333334,31.4574242192,20.0,1.0,0,17.0356,933920,5481959.1784,5482170.0,5,0,0,0,0.01569870428205049
2020-02-11,Campbelltown,Moderate risk,29.32669,20.207428,9.119261999999999,20.169023,81.18955016666666,1.2448769016666668,993.7643875,3.3116340566,40.0,10.0,0,10.7411,1197240,11143979.7879,11146300.0,2,1,0,1,0.522187221272016
2020-09-01,Campbelltown,Not hot day,17.217865,7.7467346,9.4711304,6.224667870833333,68.96826733333333,1.7345426320833333,1008.09866875,0.01764297466,40.0,10.0,0,10.7411,1197240,11143979.7879,11146300.0,9,0,0,0,0.012188181570325737
2020-08-07,Bondi,Not hot day,14.79483,12.609619,2.185210999999999,10.403180441666667,80.9676525,4.862130116666667,1014.9854637499999,20.3123092426,0.5,0.5,1,19.5728,170988,873744.5671999999,873599.0,8,0,0,0,0.003942177323821686
2020-03-24,Campbelltown,Not hot day,22.06839,14.657501,7.410889000000001,15.125036875,81.89124375,1.7142722433333333,1008.1778266666666,2.68125534306,40.0,10.0,0,10.7411,1197240,11143979.7879,11146300.0,3,0,0,0,0.09454832113383
2020-11-02,Bondi,Not hot day,18.301056,16.770935,1.5301209999999976,12.2084756875,71.07935120833334,7.3240620375,1021.0549579166667,0.061035155880000004,0.5,0.5,1,19.5728,170988,873744.5671999999,873599.0,11,0,0,0,0.005207630972817141
2020-07-03,Parramatta,Not hot day,17.925598,7.4448547,10.4807433,5.056388841666666,64.209456375,2.4509966166666666,1011.4756783333333,0.0,20.0,1.0,0,17.0356,933920,5481959.1784,5482170.0,7,0,0,0,0.0017872929946743093
2020-12-31,Campbelltown,Not hot day,22.32837,17.11679,5.211579999999998,15.776963541666667,78.52802958333334,2.2941974983333333,1004.9470225,0.9984970116999999,40.0,10.0,0,10.7411,1197240,11143979.7879,11146300.0,12,1,0,0,0.17090546924339134
2020-08-23,Bondi,Not hot day,15.263092,10.711792,4.5512999999999995,4.319662725,57.93832233333333,9.489234762499999,1002.4048666666666,0.315666194,0.5,0.5,1,19.5728,170988,873744.5671999999,873599.0,8,0,0,0,0.0072517413934304765
2020-08-18,Campbelltown,Not hot day,19.649048,7.857666,11.791382,6.927684737500001,67.64188962499999,2.2002916291666668,989.7133733333334,1.5110969456,40.0,10.0,0,10.7411,1197240,11143979.7879,11146300.0,8,0,0,0,0.020911602368407084
2020-05-22,Bondi,Not hot day,15.667175,12.746399,2.920776,9.923727666666666,75.15413683333334,11.613875520833334,1004.3640004166667,30.6730269662,0.5,0.5,1,19.5728,170988,873744.5671999999,873599.0,5,0,0,0,0.007522149989703456
2020-01-06,Bondi,Not hot day,21.541962,20.041412,1.5005500000000005,16.739598583333333,78.30285883333333,4.174622945833334,1014.9114183333332,1.366138484,0.5,0.5,1,19.5728,170988,873744.5671999999,873599.0,1,1,0,0,0.12790933161175566
2020-06-02,Parramatta,Not hot day,15.594635,7.9534607,7.6411743,3.5605557749999996,62.299467125,4.709240416666667,1007.8133733333334,2.0151138333,20.0,1.0,0,17.0356,933920,5481959.1784,5482170.0,6,0,0,0,0.009071856192780814
2020-11-28,Campbelltown,Low risk,40.240753,16.920502,23.320251,15.776373541666667,55.953313333333334,2.9348796020833334,993.0589641666667,0.0,40.0,10.0,0,10.7411,1197240,11143979.7879,11146300.0,11,0,0,0,0.403669842271042
2020-06-24,Parramatta,Not hot day,18.218964,5.7151794,12.5037846,5.95659255,68.959385875,3.6591438083333334,1007.20428125,0.0,20.0,1.0,0,17.0356,933920,5481959.1784,5482170.0,6,0,0,0,0.007650527782079997
2020-08-09,Bondi,Not hot day,15.320068,10.83493,4.485137999999999,8.993204770833334,79.08875970833333,6.854584466666666,1004.2437216666667,23.15378185026,0.5,0.5,1,19.5728,170988,873744.5671999999,873599.0,8,0,0,0,0.0037241851828448097
2020-09-14,Campbelltown,Not hot day,22.514404,7.2688904,15.245513599999999,10.50088375,78.372731375,1.7562105191666666,1009.45152375,0.0305175777,40.0,10.0,0,10.7411,1197240,11143979.7879,11146300.0,9,0,0,0,0.007197690587944636
2020-06-17,Bondi,Not hot day,16.170502,14.110199,2.0603029999999993,11.318965979166668,76.88063133333334,6.2234048416666665,1026.5191158333334,3.38983537,0.5,0.5,1,19.5728,170988,873744.5671999999,873599.0,6,0,0,0,0.0006331944052402382
2020-03-20,Bondi,Low risk,28.214508,20.580536,7.633972,17.858604333333336,67.87790145833334,4.7063333125,1009.2652395833334,0.0,0.5,0.5,1,19.5728,170988,873744.5671999999,873599.0,3,0,0,1,0.7538725361084672
2020-05-15,Bondi,Not hot day,16.368195,15.317352,1.0508430000000004,10.233854966666668,69.922717125,6.127798608333333,1023.9914408333334,2.54678727932,0.5,0.5,1,19.5728,170988,873744.5671999999,873599.0,5,0,0,0,0.002460736232782067
2020-02-19,Parramatta,Low risk,27.84726,19.363373,8.483887,12.489112916666668,50.778211999999996,3.328418741666667,996.3483466666667,0.0,20.0,1.0,0,17.0356,933920,5481959.1784,5482170.0,2,1,0,0,0.4818973178940067
2020-04-03,Campbelltown,Extreme risk,24.146576,13.889374,10.257202,17.190151166666666,90.61714024999999,1.6639222716666666,992.95281875,8.626937913779999,40.0,10.0,0,10.7411,1197240,11143979.7879,11146300.0,4,0,1,0,0.3305696951163886
2020-12-29,Parramatta,Not hot day,20.53653,16.746796,3.7897339999999993,16.134283625,86.78768395833333,2.914270866666667,1006.7873920833334,2.6760101568,20.0,1.0,0,17.0356,933920,5481959.1784,5482170.0,12,1,0,0,0.16488391788486667
2020-08-03,Parramatta,Not hot day,20.813568,2.4380188,18.375549200000002,5.147497779166667,71.82647420833334,1.8258990624999998,1010.5186866666667,0.0,20.0,1.0,0,17.0356,933920,5481959.1784,5482170.0,8,0,0,0,0.0037500707699782837
2020-02-07,Bondi,Not hot day,22.249481,21.01883,1.2306509999999982,18.928810125000002,85.11155545833334,7.844602708333333,1015.3751104166666,34.95931602,0.5,0.5,1,19.5728,170988,873744.5671999999,873599.0,2,1,0,0,0.14897490968693303
2020-08-20,Bondi,Not hot day,16.244629,12.394867,3.849762,5.571833295833334,57.55525125,7.9246499125000005,996.6037083333334,0.0,0.5,0.5,1,19.5728,170988,873744.5671999999,873599.0,8,0,0,0,0.0026293455600971427
2020-07-08,Campbelltown,Not hot day,14.969635,7.460785,7.508850000000001,9.223959545833333,86.71330891666668,1.24721830625,1015.0800595833333,0.45347213906,40.0,10.0,0,10.7411,1197240,11143979.7879,11146300.0,7,0,0,0,0.004999859421483054
2020-12-24,Bondi,Not hot day,22.151947,19.00946,3.142486999999999,16.14245352083333,75.22454641666667,4.0818715375000005,1010.3935466666667,0.18453598116,0.5,0.5,1,19.5728,170988,873744.5671999999,873599.0,12,1,0,0,0.13244190943097336
2020-12-10,Bondi,Not hot day,21.624603,18.507965,3.116638000000002,15.550421395833332,77.50976454166667,6.447675465,1014.5067166666666,0.7276535005,0.5,0.5,1,19.5728,170988,873744.5671999999,873599.0,12,1,0,0,0.06555005020187088
2020-06-11,Parramatta,Not hot day,20.03952,12.45462,7.584899999999999,12.497500145833333,85.79793241666665,2.3760373820833336,1016.1920154166668,0.0739097612,20.0,1.0,0,17.0356,933920,5481959.1784,5482170.0,6,0,0,0,0.001331346423906264
2020-02-08,Bondi,Not hot day,22.668,21.21344,1.4545600000000007,19.267275541666667,83.969016125,8.9282476,1013.5214745833333,47.57356669,0.5,0.5,1,19.5728,170988,873744.5671999999,873599.0,2,1,0,0,0.17312699463038805
2020-10-23,Parramatta,Moderate risk,27.334259,15.287994,12.046265,16.290233604166666,76.27653875,2.9542918691666666,1004.3090733333333,0.00381469728,20.0,1.0,0,17.0356,933920,5481959.1784,5482170.0,10,0,0,0,0.36471657350499825
2020-03-23,Campbelltown,Not hot day,20.910004,16.28476,4.625244000000002,12.797920229166666,69.29347645833333,2.729565034583333,1009.6924095833333,1.64556502796,40.0,10.0,0,10.7411,1197240,11143979.7879,11146300.0,3,0,0,0,0.11764421082049285
2020-06-08,Parramatta,Not hot day,17.18988,9.223053,7.9668269999999985,9.043827041666667,78.476259375,3.541660041666667,1020.6344558333334,0.9813308856,20.0,1.0,0,17.0356,933920,5481959.1784,5482170.0,6,0,0,0,0.013152251314553366
2020-07-01,Campbelltown,Not hot day,20.020569,4.247162,15.773406999999999,6.817396783333333,79.39228762500001,1.6994605125,1005.0194483333333,0.0,40.0,10.0,0,10.7411,1197240,11143979.7879,11146300.0,7,0,0,0,0.006845652767951924
2020-10-30,Bondi,Not hot day,18.407867,15.165466,3.242400999999999,14.096356666666667,83.02052941666666,2.9362806708333333,1005.4997995833334,0.27084350758,0.5,0.5,1,19.5728,170988,873744.5671999999,873599.0,10,0,0,0,0.06484631752581368
2020-09-03,Bondi,Not hot day,23.541656,15.821533,7.720122999999999,11.635045312499999,60.699459958333335,6.288594754166667,1010.4324208333334,0.0,0.5,0.5,1,19.5728,170988,873744.5671999999,873599.0,9,0,0,0,0.020732661045458903
2020-03-30,Campbelltown,Low risk,23.921844,17.585327,6.336517000000001,17.710221583333333,87.29044825,1.6620434333333334,998.7891704166667,2.21300122516,40.0,10.0,0,10.7411,1197240,11143979.7879,11146300.0,3,0,0,1,0.6235614796764082
2020-02-13,Parramatta,High risk,25.038147,21.988312,3.049834999999998,21.471740583333332,89.15041525,2.479534308333333,1003.70348375,6.846904736,20.0,1.0,0,17.0356,933920,5481959.1784,5482170.0,2,1,1,1,0.9182035645629414
2020-12-09,Parramatta,Low risk,25.755768,11.8394165,13.9163515,10.9556185625,62.77945495833333,2.4227605708333333,1010.4992770833333,0.0019073486,20.0,1.0,0,17.0356,933920,5481959.1784,5482170.0,12,1,0,0,0.16761114815635048
2020-03-06,Parramatta,High risk,27.466461,20.06253,7.403931,19.769861916666667,83.854889125,2.7666365658333336,1001.65903375,1.2936592067800001,20.0,1.0,0,17.0356,933920,5481959.1784,5482170.0,3,0,1,1,0.8374148990537619
2020-12-18,Parramatta,Moderate risk,30.179016,20.562286,9.61673,20.58581033333333,78.23319816666667,2.8633895566666667,999.46151875,10.143756801,20.0,1.0,0,17.0356,933920,5481959.1784,5482170.0,12,1,0,1,0.5738897416959857
2020-10-04,Parramatta,Low risk,30.80893,11.563721,19.245209000000003,12.650246043478262,65.13488547826087,2.9527329739130437,1011.711467826087,0.0,20.0,1.0,0,17.0356,933920,5481959.1784,5482170.0,10,0,0,0,0.15840066724037627
2020-03-07,Parramatta,Not hot day,22.93631,18.41269,4.5236199999999975,16.402210208333333,77.08241991666667,3.838110908333333,1011.4432779166667,0.8139610289,20.0,1.0,0,17.0356,933920,5481959.1784,5482170.0,3,0,0,0,0.2037349581715505
2020-09-20,Parramatta,Not hot day,20.673553,15.970367,4.703185999999999,15.085543333333334,84.98165412499999,3.4942421333333336,1007.2081133333332,11.87896726656,20.0,1.0,0,17.0356,933920,5481959.1784,5482170.0,9,0,0,0,0.11238776933612175
2020-03-07,Bondi,Not hot day,20.905823,19.510345,1.3954780000000007,16.888050166666666,80.96115129166667,7.319002866666666,1013.8345216666667,4.2896270649999995,0.5,0.5,1,19.5728,170988,873744.5671999999,873599.0,3,0,0,0,0.1216424149500706
2020-11-09,Parramatta,Not hot day,20.565765,12.910675,7.6550899999999995,11.327816,72.68006275,1.7804513866666667,1019.0379791666666,1.3799667355,20.0,1.0,0,17.0356,933920,5481959.1784,5482170.0,11,0,0,0,0.006326520256456279
2020-07-11,Campbelltown,Not hot day,15.865997,8.542633,7.323364,10.452414166666665,92.52879279166666,1.145339935,1001.9933833333333,7.18164439458,40.0,10.0,0,10.7411,1197240,11143979.7879,11146300.0,7,0,0,0,0.020335927252212657
2020-01-26,Bondi,High risk,27.341644,24.035004,3.306639999999998,23.274785249999997,87.39506462499999,3.2569616783333335,1006.0219220833333,2.62212749846,0.5,0.5,1,19.5728,170988,873744.5671999999,873599.0,1,1,1,1,0.924599044362676
2020-10-03,Parramatta,Low risk,28.572632,9.159943,19.412689,10.929101395833333,66.85202695833333,2.6893150420833334,1016.2154916666667,0.0,20.0,1.0,0,17.0356,933920,5481959.1784,5482170.0,10,0,0,0,0.18138314780786619
2020-05-31,Bondi,Not hot day,19.613983,14.052429,5.561554000000001,13.1082864375,78.55834941666667,5.276430470833334,1012.7678020833333,0.01764297492,0.5,0.5,1,19.5728,170988,873744.5671999999,873599.0,5,0,0,0,0.021879344145558224
2020-11-14,Parramatta,Low risk,26.756317,13.706451,13.049866,13.972738979166666,72.96724479166666,1.8717380725000001,1001.6064283333334,0.0,20.0,1.0,0,17.0356,933920,5481959.1784,5482170.0,11,0,0,0,0.1888949508237643
2020-05-24,Campbelltown,Not hot day,17.519562,12.358551,5.161011,7.104357316666667,60.558465500000004,4.8030647958333335,997.54284625,0.08773803634,40.0,10.0,0,10.7411,1197240,11143979.7879,11146300.0,5,0,0,0,0.008535252296658637
2020-04-29,Campbelltown,Moderate risk,25.528107,15.33374,10.194366999999998,16.021166395833333,81.159491875,2.3080185458333333,999.5238866666667,1.7113685821,40.0,10.0,0,10.7411,1197240,11143979.7879,11146300.0,4,0,0,0,0.49171187893913393
2020-02-22,Campbelltown,Not hot day,22.164062,17.798187,4.365875000000003,16.019561833333334,79.008720125,1.9407398333333334,1008.2841541666667,3.9916038156,40.0,10.0,0,10.7411,1197240,11143979.7879,11146300.0,2,1,0,0,0.22490389901864216
2020-08-07,Parramatta,Not hot day,12.242889,6.4685364,5.7743526,8.585309416666666,90.17696000000001,1.6618691441666666,1012.5267120833333,14.7018432543,20.0,1.0,0,17.0356,933920,5481959.1784,5482170.0,8,0,0,0,0.013994322886718131
2020-09-02,Campbelltown,Not hot day,23.67749,5.3697205,18.3077695,6.5103009541666665,67.870627875,2.2185141708333336,1004.2078845833333,0.0,40.0,10.0,0,10.7411,1197240,11143979.7879,11146300.0,9,0,0,0,0.013454599832752762
2020-05-27,Campbelltown,Not hot day,18.047394,10.144104,7.90329,10.77687575,83.114807375,1.5459593141666668,1006.8076258333334,0.03862380986,40.0,10.0,0,10.7411,1197240,11143979.7879,11146300.0,5,0,0,0,0.00821615734652609
2020-05-22,Campbelltown,Not hot day,14.7291565,9.489166,5.239990499999999,7.274150829166667,71.82385345833333,5.41970215,995.4923279166666,28.4919738753,40.0,10.0,0,10.7411,1197240,11143979.7879,11146300.0,5,0,0,0,0.019356568757573384
2020-09-30,Bondi,Not hot day,18.7482,14.463226,4.284974,11.580067958333332,73.10219545833333,5.5885215666666666,1012.2726695833334,0.011920928760000001,0.5,0.5,1,19.5728,170988,873744.5671999999,873599.0,9,0,0,0,0.005468498375836279
2020-02-03,Campbelltown,Low risk,32.906525,18.463318,14.443207000000001,16.656820979166667,68.49237641666666,3.608626175,992.5223850000001,1.3208389295,40.0,10.0,0,10.7411,1197240,11143979.7879,11146300.0,2,1,0,0,0.47016585487770846
2020-12-12,Bondi,Not hot day,19.942078,18.139221,1.8028569999999995,12.020991125,63.597233249999995,5.803218666666666,1023.6596416666666,1.0738372758599999,0.5,0.5,1,19.5728,170988,873744.5671999999,873599.0,12,1,0,0,0.02342519143656599
2020-05-06,Parramatta,Not hot day,22.38855,7.725128,14.663421999999999,10.0605226375,80.06900925000001,1.9563179249999998,1020.0238945833333,0.0,20.0,1.0,0,17.0356,933920,5481959.1784,5482170.0,5,0,0,0,0.0026842427653696794
2020-07-02,Parramatta,Not hot day,23.235413,8.983978,14.251435,7.9405390874999995,63.458702499999994,3.5975231500000002,1008.6228229166667,0.0,20.0,1.0,0,17.0356,933920,5481959.1784,5482170.0,7,0,0,0,0.005640493463172061
2020-08-10,Parramatta,Not hot day,15.875793,10.635895,5.239898,9.712799104166667,79.915334,6.0793424625000005,1008.7108270833334,5.0234794453000005,20.0,1.0,0,17.0356,933920,5481959.1784,5482170.0,8,0,0,0,0.007201114113123615
2020-01-05,Campbelltown,High risk,26.171875,18.975067,7.196808000000001,12.316435529166666,54.276541791666666,4.769337416666667,1003.2100875,0.061988829999999995,40.0,10.0,0,10.7411,1197240,11143979.7879,11146300.0,1,1,1,1,0.5615915740537069
2020-11-05,Bondi,Not hot day,20.174774,15.1596985,5.0150755,14.3088303125,85.64016870833332,9.396837016666668,1005.38356625,13.4720802705,0.5,0.5,1,19.5728,170988,873744.5671999999,873599.0,11,0,0,0,0.060316582986482764
2020-09-27,Bondi,Not hot day,15.131348,11.479462,3.6518859999999993,5.820892337499999,60.6658445,6.6138592208333336,1016.5586970833333,0.2598762531,0.5,0.5,1,19.5728,170988,873744.5671999999,873599.0,9,0,0,0,0.002023581660128044
2020-06-05,Parramatta,Not hot day,18.373657,2.707306,15.666351000000002,5.730543745833334,79.109843625,1.4829940541666666,1020.8694116666667,0.0,20.0,1.0,0,17.0356,933920,5481959.1784,5482170.0,6,0,0,0,0.0026842427653696794
2020-04-24,Bondi,High risk,23.975708,17.573303,6.402405000000002,14.465089166666667,68.67821383333333,2.9249437375,1012.1318112499999,0.0,0.5,0.5,1,19.5728,170988,873744.5671999999,873599.0,4,0,1,1,0.5743017288053373
2020-05-29,Parramatta,Not hot day,17.811249,10.009003,7.802246,11.084855270833332,87.28978354166667,1.8217563916666666,1019.0497845833333,0.8068084763,20.0,1.0,0,17.0356,933920,5481959.1784,5482170.0,5,0,0,0,0.001331346423906264
2020-07-17,Parramatta,Not hot day,15.962128,10.67746,5.284668,7.572603845833334,70.662585875,4.161213441666667,1012.7766145833333,0.01859664876,20.0,1.0,0,17.0356,933920,5481959.1784,5482170.0,7,0,0,0,0.004640329342487712
2020-04-29,Parramatta,Moderate risk,25.862091,16.450531,9.411559999999998,16.244229708333332,77.85326820833333,3.0705359041666664,1007.1518025,0.60606003296,20.0,1.0,0,17.0356,933920,5481959.1784,5482170.0,4,0,0,1,0.6942687766841366
2020-03-14,Campbelltown,Not hot day,17.31427,13.269867,4.044403000000001,12.348654375,83.46437383333334,3.2110315249999997,1002.2372399999999,3.9176941055,40.0,10.0,0,10.7411,1197240,11143979.7879,11146300.0,3,0,0,0,0.054687164242698164
2020-07-23,Campbelltown,Not hot day,17.914917,2.8801575,15.0347595,5.506652841666667,78.46249383333334,1.4061493154166669,1010.3469358333333,0.0,40.0,10.0,0,10.7411,1197240,11143979.7879,11146300.0,7,0,0,0,0.006048079188980906
2020-04-18,Bondi,Not hot day,20.26175,15.635193,4.626557,10.228468525,61.17137229166667,4.6950945875,1007.4038595833334,0.112056733,0.5,0.5,1,19.5728,170988,873744.5671999999,873599.0,4,0,0,0,0.020094187445396566
2020-02-04,Parramatta,Not hot day,22.63028,17.702423,4.9278569999999995,10.3291867,52.99316675,4.159794125,1012.3033633333333,0.49972533529999996,20.0,1.0,0,17.0356,933920,5481959.1784,5482170.0,2,1,0,0,0.1459493167451977
2020-09-02,Parramatta,Moderate risk,24.197021,5.4983826,18.6986384,6.972214979166666,66.61906654166667,2.749569741666667,1011.9462149999999,0.0,20.0,1.0,0,17.0356,933920,5481959.1784,5482170.0,9,0,0,0,0.09346143217870201
2020-06-25,Bondi,Not hot day,16.989532,12.597076,4.392456000000001,8.5498974375,68.244365375,5.7600358541666665,1013.9523779166666,0.01478195216,0.5,0.5,1,19.5728,170988,873744.5671999999,873599.0,6,0,0,0,0.003917094084291629
2020-06-07,Bondi,Not hot day,15.246796,12.268677,2.9781189999999995,11.439127625,85.54474733333332,3.5832503375000004,1018.1411912499999,7.9283713696,0.5,0.5,1,19.5728,170988,873744.5671999999,873599.0,6,0,0,0,0.0006331944052402382
2020-03-08,Campbelltown,Not hot day,21.708496,16.571167,5.137329000000001,14.7819010625,78.88067504166666,1.9709572416666667,1005.6069591666666,2.6655197131,40.0,10.0,0,10.7411,1197240,11143979.7879,11146300.0,3,0,0,0,0.1622810215928961
2020-12-14,Bondi,Not hot day,21.909698,19.999298,1.9103999999999992,16.92495741666667,78.20292179166667,4.2607292333333335,1015.0901954166667,1.87444687392,0.5,0.5,1,19.5728,170988,873744.5671999999,873599.0,12,1,0,0,0.07972224176608116
2020-07-08,Bondi,Not hot day,14.89743,13.784576,1.1128540000000005,8.963705687500001,69.93832220833333,2.2723423320833334,1025.1254999999999,0.532627107,0.5,0.5,1,19.5728,170988,873744.5671999999,873599.0,7,0,0,0,0.00392074208963428
2020-07-30,Parramatta,Not hot day,17.420563,7.445587,9.974976000000002,8.180488683333333,76.553115,2.7191980250000003,1015.6621520833334,0.03004074106,20.0,1.0,0,17.0356,933920,5481959.1784,5482170.0,7,0,0,0,0.001929997351393617
2020-10-16,Parramatta,Not hot day,20.018707,16.338501,3.6802059999999983,12.853532229166667,72.31465733333333,3.4874661125,1010.2449095833334,0.23365021092000002,20.0,1.0,0,17.0356,933920,5481959.1784,5482170.0,10,0,0,0,0.06759773040153319
2020-06-17,Campbelltown,Not hot day,15.943207,7.056732,8.886474999999999,8.732702908333334,83.06481295833333,2.861284416666667,1016.7137108333333,0.92935563416,40.0,10.0,0,10.7411,1197240,11143979.7879,11146300.0,6,0,0,0,0.020088660376124143
2020-08-29,Parramatta,Not hot day,21.100494,3.2480164,17.8524776,4.5530306125,66.65918695833334,2.0924352208333334,1021.2464216666667,0.0,20.0,1.0,0,17.0356,933920,5481959.1784,5482170.0,8,0,0,0,0.0031401893361377247
2020-09-03,Campbelltown,Low risk,29.221039,9.700439,19.5206,8.658727041666667,54.98785516666667,2.7223538641666667,1000.2374204166667,0.0,40.0,10.0,0,10.7411,1197240,11143979.7879,11146300.0,9,0,0,0,0.15654894660939522
2020-05-16,Bondi,Not hot day,18.287445,15.705994,2.5814510000000013,10.0675760625,64.13587195833334,3.0987877583333336,1025.4537291666668,0.54121016972,0.5,0.5,1,19.5728,170988,873744.5671999999,873599.0,5,0,0,0,0.006897197677794572
2020-05-05,Campbelltown,Not hot day,19.521027,10.169342,9.351685,9.699668954166667,78.34242195833333,1.8283294691666667,1014.6696445833333,0.14781951846,40.0,10.0,0,10.7411,1197240,11143979.7879,11146300.0,5,0,0,0,0.004999859421483054
2020-01-09,Campbelltown,High risk,25.4003,20.71286,4.687440000000002,17.398053416666666,72.665341625,2.5426542541666666,1002.1755441666666,0.95462798766,40.0,10.0,0,10.7411,1197240,11143979.7879,11146300.0,1,1,1,1,0.8372788929165792
2020-08-13,Parramatta,Not hot day,21.930206,7.797699,14.132506999999999,10.084283258333334,79.023909125,1.6105881816666667,1006.2584633333335,0.0877380376,20.0,1.0,0,17.0356,933920,5481959.1784,5482170.0,8,0,0,0,0.004547644348949302
2020-09-17,Bondi,Not hot day,22.488007,15.77243,6.715577,13.269446,74.17016933333333,5.307918479166667,1017.6301129166667,0.2822875991,0.5,0.5,1,19.5728,170988,873744.5671999999,873599.0,9,0,0,0,0.02544774307180757
2020-09-25,Parramatta,Not hot day,22.392487,7.8973694,14.4951176,4.320106498333334,55.22728933333334,5.357415083333334,998.8351375000001,0.9722709659,20.0,1.0,0,17.0356,933920,5481959.1784,5482170.0,9,0,0,0,0.024517424491827283
2020-11-10,Parramatta,Not hot day,22.736603,10.555267,12.181335999999998,11.133677229166667,71.70997525,2.287900373333333,1015.10869625,0.0,20.0,1.0,0,17.0356,933920,5481959.1784,5482170.0,11,0,0,0,0.012132948738783273
2020-11-21,Bondi,Not hot day,19.803772,18.611023,1.1927489999999992,15.841035208333333,81.116142625,6.180848370833334,1015.9925475,0.01907348646,0.5,0.5,1,19.5728,170988,873744.5671999999,873599.0,11,0,0,0,0.03852296051636821
2020-12-01,Campbelltown,Low risk,33.792206,17.285889,16.506317,17.259531625,69.148722625,2.7428924625,996.2299716666666,0.1115798949,40.0,10.0,0,10.7411,1197240,11143979.7879,11146300.0,12,1,0,1,0.5042873947457531
2020-02-01,Parramatta,Low risk,42.03012,23.91568,18.11444,20.5893275,55.47090670833333,2.86857732375,1001.31560875,0.0,20.0,1.0,0,17.0356,933920,5481959.1784,5482170.0,2,1,0,0,0.3188243293800349
2020-11-14,Campbelltown,Low risk,27.25003,13.043518,14.206511999999998,12.4563001875,67.95751925,1.7336668054166668,994.2293416666666,0.0,40.0,10.0,0,10.7411,1197240,11143979.7879,11146300.0,11,0,0,0,0.127862342472935
2020-08-15,Bondi,Not hot day,16.87915,13.742065,3.137084999999999,10.588007479166667,75.11952325,4.759248539166666,1001.8435395833334,4.7845841036,0.5,0.5,1,19.5728,170988,873744.5671999999,873599.0,8,0,0,0,0.009159693018426219
2020-10-25,Campbelltown,Not hot day,15.587585,12.189484,3.3981010000000005,11.436486541666667,88.02600191666666,4.206604991666667,998.1813804166667,24.8045920407,40.0,10.0,0,10.7411,1197240,11143979.7879,11146300.0,10,0,0,0,0.028172774434177685
2020-11-09,Campbelltown,Not hot day,20.833344,12.254425,8.578919,11.017106354166666,72.76093254166666,1.5517832345833333,1011.5009029166666,1.189231882,40.0,10.0,0,10.7411,1197240,11143979.7879,11146300.0,11,0,0,0,0.020778058778634034
2020-07-28,Parramatta,Not hot day,18.003754,12.818512,5.185242000000001,11.963465375,81.63293399999999,4.528410541666667,1001.3847616666667,6.97565075246,20.0,1.0,0,17.0356,933920,5481959.1784,5482170.0,7,0,0,0,0.013683189002836344
2020-02-23,Bondi,Not hot day,22.994476,20.834717,2.1597589999999975,17.064539625,73.658001,3.8135153583333334,1018.6027304166668,3.515720342,0.5,0.5,1,19.5728,170988,873744.5671999999,873599.0,2,1,0,0,0.14034315962079993
2020-05-18,Parramatta,Not hot day,18.557007,10.374115,8.182891999999999,12.149049145833333,86.175768375,1.1281233670833333,1024.4214675,1.39808655006,20.0,1.0,0,17.0356,933920,5481959.1784,5482170.0,5,0,0,0,0.003957958740576909
2020-01-12,Campbelltown,Not hot day,20.451874,17.452393,2.9994809999999994,14.02157975,73.22730191666666,3.2654079416666666,1003.5332283333333,2.0422935565,40.0,10.0,0,10.7411,1197240,11143979.7879,11146300.0,1,1,0,0,0.20287319120488503
2020-10-27,Bondi,Not hot day,17.442657,15.358368,2.084289,12.904271458333334,79.98538574999999,7.8866252999999995,1014.2694229166667,5.63478467846,0.5,0.5,1,19.5728,170988,873744.5671999999,873599.0,10,0,0,0,0.015436761718769088
2020-11-01,Campbelltown,Not hot day,18.827545,13.301727,5.525818000000001,12.964391125,82.87262545833333,4.5263360375,1002.2074858333334,18.20707311676,40.0,10.0,0,10.7411,1197240,11143979.7879,11146300.0,11,0,0,0,0.030011747730161898
2020-02-23,Campbelltown,Not hot day,23.638763,17.981232,5.657531000000002,16.948735625,78.85413783333333,1.6030281775,1008.7423112500001,2.0265579093,40.0,10.0,0,10.7411,1197240,11143979.7879,11146300.0,2,1,0,0,0.24505256703356756
2020-09-11,Parramatta,Not hot day,18.859283,10.331207,8.528076000000002,10.230573041666666,78.31132058333334,2.4073717583333334,1022.6622479166667,0.5102157569,20.0,1.0,0,17.0356,933920,5481959.1784,5482170.0,9,0,0,0,0.001331346423906264
2020-04-26,Parramatta,Low risk,27.010498,11.840118,15.170379999999998,10.599533062499999,62.218071916666666,2.9073682124999998,1008.0335437499999,0.0548362735,20.0,1.0,0,17.0356,933920,5481959.1784,5482170.0,4,0,0,0,0.10913421562570527
2020-12-13,Campbelltown,Moderate risk,23.875336,14.250275,9.625061,13.947663687499999,74.12202591666666,2.4762716708333334,1009.6220783333333,1.59978866832,40.0,10.0,0,10.7411,1197240,11143979.7879,11146300.0,12,1,0,0,0.30759411166995415
2020-12-23,Parramatta,Moderate risk,24.462402,14.96106,9.501342000000001,11.407094341666665,57.72770516666666,3.8486694,1006.0942954166667,0.0042915344,20.0,1.0,0,17.0356,933920,5481959.1784,5482170.0,12,1,0,0,0.28071762355288377
2020-01-25,Bondi,Extreme risk,25.07846,23.131226,1.9472339999999981,21.452241333333333,84.68215170833334,4.071294858333333,1008.4850725,1.0328292838,0.5,0.5,1,19.5728,170988,873744.5671999999,873599.0,1,1,1,1,0.8992451460909381
2020-01-04,Parramatta,Low risk,45.30652,20.295929,25.010590999999998,15.815968958333334,48.37795675,2.515926142916667,1000.6183912500001,0.0,20.0,1.0,0,17.0356,933920,5481959.1784,5482170.0,1,1,0,0,0.398204029022313
2020-01-23,Parramatta,Low risk,41.11862,20.551422,20.567198,15.014280895833332,43.54653241666667,4.207933720833333,994.69354625,0.70524216,20.0,1.0,0,17.0356,933920,5481959.1784,5482170.0,1,1,0,0,0.4555096087439334
2020-06-05,Campbelltown,Not hot day,18.047485,2.8607788,15.186706200000001,5.231438941666666,80.47107820833334,1.3104210408333332,1013.2498270833333,0.0,40.0,10.0,0,10.7411,1197240,11143979.7879,11146300.0,6,0,0,0,0.0036293548429088864
2020-02-24,Bondi,Extreme risk,23.906189,21.05539,2.850799000000002,18.169753958333335,75.26200204166666,3.6562813333333337,1015.3166200000001,0.06771087798,0.5,0.5,1,19.5728,170988,873744.5671999999,873599.0,2,1,1,1,0.6755025102743616
2020-06-24,Campbelltown,Not hot day,17.57248,6.2972717,11.2752083,5.9848315125000004,70.31558375,3.9725491749999997,999.6188645833332,0.036239624059999996,40.0,10.0,0,10.7411,1197240,11143979.7879,11146300.0,6,0,0,0,0.009167569968399647
2020-09-29,Parramatta,Not hot day,18.908752,9.284332,9.62442,8.463860808333333,71.63431033333333,2.2095389187500003,1017.7356974999999,0.45347214199999997,20.0,1.0,0,17.0356,933920,5481959.1784,5482170.0,9,0,0,0,0.001331346423906264
2020-07-13,Parramatta,Not hot day,16.443695,6.801239,9.642456000000003,8.011622108333333,84.321067375,1.8735600541666668,1010.2233520833333,2.2816657997,20.0,1.0,0,17.0356,933920,5481959.1784,5482170.0,7,0,0,0,0.009685666005230376
2020-03-20,Parramatta,Low risk,34.80136,16.764648,18.036712,14.2935816875,56.95570716666666,2.938560879166667,1006.9960695833333,0.0,20.0,1.0,0,17.0356,933920,5481959.1784,5482170.0,3,0,0,0,0.4174264839607494
2020-05-02,Campbelltown,Not hot day,16.334747,11.107208,5.227539,3.7638638583333335,53.80745645833333,5.4342782875,990.4377966666666,0.054836273000000005,40.0,10.0,0,10.7411,1197240,11143979.7879,11146300.0,5,0,0,0,0.00778493526129158
2020-05-28,Parramatta,Not hot day,21.151642,8.004974,13.146667999999998,10.450021066666666,82.37873070833334,1.6194126625,1013.6188033333333,0.0,20.0,1.0,0,17.0356,933920,5481959.1784,5482170.0,5,0,0,0,0.001331346423906264
2020-01-20,Campbelltown,Low risk,28.236542,18.71878,9.517762000000001,19.319386708333333,80.114845125,1.4223048329166668,988.21259,15.781402531300001,40.0,10.0,0,10.7411,1197240,11143979.7879,11146300.0,1,1,0,0,0.4973614535929142
2020-04-09,Campbelltown,Not hot day,21.036346,14.992493,6.043853000000002,14.375351,81.54044566666667,1.78135346875,1010.6095037499999,1.5535354361,40.0,10.0,0,10.7411,1197240,11143979.7879,11146300.0,4,0,0,0,0.05936039493168518
2020-09-06,Bondi,Not hot day,16.57724,13.825623,2.7516169999999995,10.41266,72.21831458333334,4.025675970833333,1022.6393833333333,0.747680665,0.5,0.5,1,19.5728,170988,873744.5671999999,873599.0,9,0,0,0,0.00392074208963428
2020-06-19,Parramatta,Not hot day,19.145905,6.21698,12.928925,9.0740674125,83.71886716666667,1.7660479375,1022.7106945833333,0.0,20.0,1.0,0,17.0356,933920,5481959.1784,5482170.0,6,0,0,0,0.0026842427653696794
2020-05-20,Parramatta,Moderate risk,24.147858,10.5572815,13.5905765,11.292564416666666,74.05794404166666,2.9117917666666666,1010.8439675,0.002861023,20.0,1.0,0,17.0356,933920,5481959.1784,5482170.0,5,0,0,0,0.11570053075259622
2020-04-04,Campbelltown,Low risk,24.188477,15.278412,8.910065,12.684534787499999,65.44735025,4.585146662500001,986.5885333333334,2.9635430254,40.0,10.0,0,10.7411,1197240,11143979.7879,11146300.0,4,0,0,0,0.3112433501626707
2020-08-12,Campbelltown,Not hot day,17.599457,7.5875854,10.011871600000001,9.078920995833334,85.630497875,1.3159138158333332,999.9734745833333,0.5068778943,40.0,10.0,0,10.7411,1197240,11143979.7879,11146300.0,8,0,0,0,0.010244318854763776
2020-11-24,Campbelltown,Not hot day,23.043304,15.350006,7.693297999999999,14.107775479166667,74.13644420833333,2.3797426991666666,996.5080170833334,1.4567375258,40.0,10.0,0,10.7411,1197240,11143979.7879,11146300.0,11,0,0,0,0.10053935401974501
2020-09-04,Bondi,Not hot day,18.75824,15.98584,2.772400000000001,13.2515983125,78.64090245833333,3.4368897041666666,1010.6839841666666,5.61809543916,0.5,0.5,1,19.5728,170988,873744.5671999999,873599.0,9,0,0,0,0.060427104326934634
2020-02-03,Parramatta,Low risk,33.807922,19.40863,14.399291999999999,18.607179,73.18495399999999,3.4830312708333335,999.68821375,3.0884742675,20.0,1.0,0,17.0356,933920,5481959.1784,5482170.0,2,1,0,1,0.5037755608129185
2020-04-07,Campbelltown,Not hot day,20.09201,14.210327,5.881682999999999,12.30622625,76.15645554166666,1.8901509958333333,1006.6354854166666,0.9517669708,40.0,10.0,0,10.7411,1197240,11143979.7879,11146300.0,4,0,0,0,0.028613195407959785
2020-01-01,Campbelltown,High risk,27.013153,19.949158,7.0639949999999985,15.109370192307692,59.085692615384616,3.362183807692308,1000.1109661538461,0.0,40.0,10.0,0,10.7411,1197240,11143979.7879,11146300.0,1,1,1,1,0.660462978474992
2020-02-17,Bondi,Not hot day,22.922333,21.638885,1.283448,19.953763249999998,87.02683283333333,1.7814649095833335,1008.7534099999999,2.08568573306,0.5,0.5,1,19.5728,170988,873744.5671999999,873599.0,2,1,0,0,0.3059109459813284
2020-03-25,Campbelltown,High risk,24.162903,15.50412,8.658783,16.679264041666666,86.95725333333333,1.8519413798333335,1004.7711249999999,15.93399054262,40.0,10.0,0,10.7411,1197240,11143979.7879,11146300.0,3,0,1,1,0.5960385033127537
2020-03-08,Parramatta,Not hot day,21.978027,16.889526,5.088501000000001,15.882324229166665,82.30516708333333,2.2713048125,1012.9065416666667,3.7193298610000003,20.0,1.0,0,17.0356,933920,5481959.1784,5482170.0,3,0,0,0,0.1757254760524516
2020-03-09,Campbelltown,Not hot day,21.451447,16.606903,4.844544000000003,14.084274333333333,75.5531355,2.477700614166667,1006.0858066666666,1.1305809011,40.0,10.0,0,10.7411,1197240,11143979.7879,11146300.0,3,0,0,0,0.15239238843559585
2020-05-11,Parramatta,Not hot day,18.41861,4.771942,13.646668000000002,3.0851249708333337,62.33542775,2.5508916249999998,1019.1522816666667,0.0,20.0,1.0,0,17.0356,933920,5481959.1784,5482170.0,5,0,0,0,0.0031401893361377247
2020-10-30,Parramatta,Not hot day,21.83728,10.866638,10.970642,13.284833291666667,81.0983025,1.8560871104166665,1002.871885,0.65040588516,20.0,1.0,0,17.0356,933920,5481959.1784,5482170.0,10,0,0,0,0.03703263916273896
2020-03-07,Campbelltown,Not hot day,22.483185,17.758392,4.724792999999998,15.376412729166667,75.39374833333333,3.0368220125,1004.24285375,0.9198188697,40.0,10.0,0,10.7411,1197240,11143979.7879,11146300.0,3,0,0,0,0.18684496078488755
2020-05-26,Parramatta,Not hot day,18.708221,13.678619,5.029602000000002,12.520464604166667,83.916845125,4.203299783333333,1014.6426716666666,2.575874327,20.0,1.0,0,17.0356,933920,5481959.1784,5482170.0,5,0,0,0,0.007266941659158358
2020-07-21,Parramatta,Not hot day,16.261688,5.4214783,10.840209699999999,3.2638295416666665,65.74143808333334,2.762999704166667,1018.5844141666666,0.0,20.0,1.0,0,17.0356,933920,5481959.1784,5482170.0,7,0,0,0,0.0037388402636250777
2020-01-24,Parramatta,High risk,30.946869,23.680908,7.265961000000001,18.825088541666666,65.09149558333333,3.136150733333333,1001.4415329166667,0.2002716019,20.0,1.0,0,17.0356,933920,5481959.1784,5482170.0,1,1,1,1,0.6230235294581208
2020-06-13,Bondi,Not hot day,17.618317,14.1553955,3.462921500000002,14.111103041666667,88.564097125,2.7722570533333335,1015.9404787499999,0.26321410561999997,0.5,0.5,1,19.5728,170988,873744.5671999999,873599.0,6,0,0,0,0.006818182865878978
2020-01-14,Campbelltown,Low risk,28.79419,16.839142,11.955048000000001,16.489573104166666,71.276352375,2.1269332766666667,1001.96000125,0.562191012,40.0,10.0,0,10.7411,1197240,11143979.7879,11146300.0,1,1,0,1,0.534004876469494
2020-08-22,Parramatta,Not hot day,14.256226,8.1214905,6.1347355,1.68655904125,54.307373625,4.981321191666667,997.5966158333334,0.43630599529999997,20.0,1.0,0,17.0356,933920,5481959.1784,5482170.0,8,0,0,0,0.005735341653516816
2020-02-26,Campbelltown,Low risk,31.085602,18.015839,13.069763000000002,17.80226516666667,69.63304025000001,2.7894471125,992.1385516666666,0.16689300562,40.0,10.0,0,10.7411,1197240,11143979.7879,11146300.0,2,1,0,0,0.3948310603656174
2020-01-05,Parramatta,High risk,26.9216,19.97116,6.95044,13.635934145833334,56.78836079166666,5.750492887499999,1010.3984179166667,0.270366666,20.0,1.0,0,17.0356,933920,5481959.1784,5482170.0,1,1,1,1,0.6574115930381107
2020-09-05,Campbelltown,Not hot day,21.595032,8.24704,13.347992,7.795792879166666,69.88906595833333,2.1578096125,1002.7700658333333,0.0,40.0,10.0,0,10.7411,1197240,11143979.7879,11146300.0,9,0,0,0,0.007884012871809655
2020-03-25,Parramatta,Not hot day,23.446106,15.616638,7.829468,16.828840958333334,85.80951116666667,2.2794545791666665,1012.1190391666668,12.616634381,20.0,1.0,0,17.0356,933920,5481959.1784,5482170.0,3,0,0,0,0.14735350627423688
2020-06-09,Campbelltown,Not hot day,17.918793,10.042694,7.876099000000002,10.822344541666666,84.51750525,2.1277537125,1017.0335008333333,1.23834609416,40.0,10.0,0,10.7411,1197240,11143979.7879,11146300.0,6,0,0,0,0.007100711085350379
2020-03-30,Parramatta,Low risk,24.512299,18.152527,6.3597719999999995,18.021419583333333,85.23966133333333,2.019781876666667,1006.1833441666666,3.364086153,20.0,1.0,0,17.0356,933920,5481959.1784,5482170.0,3,0,0,1,0.7471841426018547
2020-11-06,Campbelltown,Not hot day,21.355804,12.292145,9.063659,9.758525854166667,69.294752375,3.36882847125,1002.4847804166667,0.2560615541,40.0,10.0,0,10.7411,1197240,11143979.7879,11146300.0,11,0,0,0,0.015449654444083723
2020-09-27,Parramatta,Not hot day,18.051575,7.9150085,10.1365665,3.673675558333333,56.323004999999995,3.4082579791666667,1014.1928608333333,0.28896332232,20.0,1.0,0,17.0356,933920,5481959.1784,5482170.0,9,0,0,0,0.006305646922222868
2020-12-16,Parramatta,High risk,27.83786,21.94339,5.894469999999998,21.719426458333334,87.73918995833333,3.5332617083333333,1002.9622183333332,20.13254161546,20.0,1.0,0,17.0356,933920,5481959.1784,5482170.0,12,1,1,1,0.8679915747599467
2020-08-25,Campbelltown,Not hot day,15.730743,2.7063293,13.0244137,2.5868606708333335,68.59526783333332,1.8000914000000001,1011.2625545833333,0.010967255,40.0,10.0,0,10.7411,1197240,11143979.7879,11146300.0,8,0,0,0,0.006979270217413502
2020-02-06,Parramatta,Not hot day,23.268158,20.30777,2.9603879999999982,18.013486291666666,80.921045875,2.3858759541666665,1013.7642579166667,5.180835741,20.0,1.0,0,17.0356,933920,5481959.1784,5482170.0,2,1,0,0,0.2150006584120031
2020-04-23,Parramatta,Moderate risk,24.526337,8.65097,15.875367000000002,9.210166916666667,67.36494216666667,2.0458395916666667,1011.3387241666666,0.0,20.0,1.0,0,17.0356,933920,5481959.1784,5482170.0,4,0,0,0,0.05439250873757702
2020-08-31,Parramatta,Not hot day,21.693665,11.856293,9.837371999999998,7.785158804166667,61.8938885,3.7275330125,1011.3268729166666,0.0452995302,20.0,1.0,0,17.0356,933920,5481959.1784,5482170.0,8,0,0,0,0.0023859439221616623
2020-06-04,Campbelltown,Not hot day,16.06363,5.3749084,10.688721600000001,4.552494041666667,68.97336620833333,2.1439000916666666,1016.3350262499999,0.0,40.0,10.0,0,10.7411,1197240,11143979.7879,11146300.0,6,0,0,0,0.006663759248171955
2020-07-05,Campbelltown,Not hot day,17.278412,7.1351013,10.1433107,4.621198025,66.283363,3.6952846666666663,1007.0234525,0.0,40.0,10.0,0,10.7411,1197240,11143979.7879,11146300.0,7,0,0,0,0.015879647552447626
2020-11-19,Parramatta,Low risk,25.73764,15.06192,10.675719999999998,15.073670791666666,72.93802341666667,2.8838725354166663,1013.6037054166667,0.0,20.0,1.0,0,17.0356,933920,5481959.1784,5482170.0,11,0,0,0,0.30290094132753587
2020-01-13,Parramatta,Moderate risk,25.619965,17.405426,8.214539000000002,15.405616791666667,71.29309233333333,2.4582048375,1011.1448970833334,2.1939277426,20.0,1.0,0,17.0356,933920,5481959.1784,5482170.0,1,1,0,1,0.7679185519794821
2020-06-25,Campbelltown,Not hot day,17.290527,7.290436,10.000091000000001,6.119233479166667,72.28128883333333,2.957740616666667,1004.2219720833333,0.0,40.0,10.0,0,10.7411,1197240,11143979.7879,11146300.0,6,0,0,0,0.008568919040912294
2020-06-08,Bondi,Not hot day,16.028961,12.882965,3.1459959999999985,11.038374500000002,78.55928754166666,7.6826158625000005,1022.8465275,6.9980621666000005,0.5,0.5,1,19.5728,170988,873744.5671999999,873599.0,6,0,0,0,0.0006331944052402382
2020-02-29,Campbelltown,Moderate risk,25.695648,16.607605,9.088042999999999,15.302420395833332,71.25406116666666,2.081494892083333,1001.1737741666666,0.55027008032,40.0,10.0,0,10.7411,1197240,11143979.7879,11146300.0,2,1,0,1,0.7367248719767319
2020-04-30,Parramatta,Not hot day,19.825287,10.875336,8.949950999999999,12.436475141666667,80.92102666666666,3.529333683333333,999.9935708333334,8.520603196,20.0,1.0,0,17.0356,933920,5481959.1784,5482170.0,4,0,0,0,0.015079413509294717
2020-01-03,Bondi,Extreme risk,23.984802,22.12149,1.863311999999997,20.494748458333333,86.53806841666666,4.69698761875,1010.0566958333334,1.5687942481000001,0.5,0.5,1,19.5728,170988,873744.5671999999,873599.0,1,1,1,1,0.8656666617816788
2020-03-12,Campbelltown,Low risk,23.843597,14.376495,9.467101999999999,14.249850020833334,77.12236716666666,1.9165950170833332,1009.1694208333333,1.6222000159,40.0,10.0,0,10.7411,1197240,11143979.7879,11146300.0,3,0,0,0,0.10141860564537077
2020-01-22,Parramatta,Low risk,31.838257,18.579193,13.259063999999999,18.805844583333332,69.01471220833334,2.71932830125,1001.41797375,0.0,20.0,1.0,0,17.0356,933920,5481959.1784,5482170.0,1,1,0,0,0.4148797456768152
2020-05-05,Parramatta,Not hot day,19.570404,10.7925415,8.7778625,10.673383170833333,78.57324541666667,2.450723404166667,1022.1292295833333,0.2336502069,20.0,1.0,0,17.0356,933920,5481959.1784,5482170.0,5,0,0,0,0.001331346423906264
2020-09-06,Campbelltown,Not hot day,18.299896,6.429535,11.870361,8.7437146875,77.99946641666666,1.8522863208333333,1012.56564375,0.7381439163,40.0,10.0,0,10.7411,1197240,11143979.7879,11146300.0,9,0,0,0,0.006770377200758326
2020-01-18,Bondi,Not hot day,22.049896,20.862701,1.1871949999999991,18.732006000000002,84.907215,7.540413958333333,1004.2355783333334,7.09342959,0.5,0.5,1,19.5728,170988,873744.5671999999,873599.0,1,1,0,0,0.237357711446421
2020-01-17,Bondi,Not hot day,21.932922,20.783295,1.1496270000000024,19.404958125,88.14290254166667,7.1867381375,1003.9207666666666,11.413574178,0.5,0.5,1,19.5728,170988,873744.5671999999,873599.0,1,1,0,0,0.23137228018203956
2020-04-04,Parramatta,Low risk,25.684967,15.7881775,9.8967895,12.862920125,62.07460445833333,5.367298266666666,994.3301979166666,5.7249068725,20.0,1.0,0,17.0356,933920,5481959.1784,5482170.0,4,0,0,0,0.3841642181752282
2020-08-19,Bondi,Not hot day,17.872772,12.907074,4.9656980000000015,7.9546864375,63.955497625,6.7912809958333336,991.5839220833333,0.2074241604,0.5,0.5,1,19.5728,170988,873744.5671999999,873599.0,8,0,0,0,0.0018790285247300854
2020-04-02,Bondi,Not hot day,22.334106,20.557861,1.7762449999999994,19.179706541666665,86.899719125,5.983905725,1008.6340866666666,7.3146820756,0.5,0.5,1,19.5728,170988,873744.5671999999,873599.0,4,0,0,0,0.12471225001811838
2020-06-22,Campbelltown,Not hot day,14.963318,3.8070984,11.1562196,4.545413970833333,75.46812533333333,2.3110477499999997,995.0753470833333,1.13677977598,40.0,10.0,0,10.7411,1197240,11143979.7879,11146300.0,6,0,0,0,0.01699266849423749
2020-12-10,Parramatta,Moderate risk,27.172424,14.654358,12.518066,13.787481916666666,69.12703083333334,4.008650425,1011.8312920833333,0.3399848934,20.0,1.0,0,17.0356,933920,5481959.1784,5482170.0,12,1,0,0,0.4160924853021383
2020-11-02,Parramatta,Not hot day,21.181763,13.329529,7.852233999999999,11.767395,71.61885158333332,3.9263162416666666,1018.6662070833332,0.00047683716,20.0,1.0,0,17.0356,933920,5481959.1784,5482170.0,11,0,0,0,0.00729873079692943
2020-10-28,Parramatta,Not hot day,19.590973,12.353058,7.237915000000001,12.787981666666667,81.73264454166666,2.0234461291666666,1010.48608875,0.94604492212,20.0,1.0,0,17.0356,933920,5481959.1784,5482170.0,10,0,0,0,0.024418446662290996
2020-10-08,Bondi,Not hot day,22.449005,17.84842,4.600584999999999,15.319306666666668,76.96426754166667,4.6207602,1006.6761266666667,6.1674118027,0.5,0.5,1,19.5728,170988,873744.5671999999,873599.0,10,0,0,0,0.09928986585686342
2020-02-01,Bondi,Extreme risk,28.783234,24.025848,4.757386,22.746147166666663,80.81195570833333,6.575913533333334,1004.0730970833333,0.0,0.5,0.5,1,19.5728,170988,873744.5671999999,873599.0,2,1,1,1,0.8366295283240497
2020-11-07,Parramatta,Not hot day,19.876678,10.982513,8.894164999999997,10.797602354166665,74.50090091666667,3.4412867375,1014.1172745833334,0.5741119353999999,20.0,1.0,0,17.0356,933920,5481959.1784,5482170.0,11,0,0,0,0.009631487053813387
2020-01-25,Campbelltown,High risk,29.164673,21.951538,7.213135000000001,20.702729416666667,77.743998875,2.455460304166667,998.6050708333333,2.91442872832,40.0,10.0,0,10.7411,1197240,11143979.7879,11146300.0,1,1,1,1,0.7025411999253108
2020-08-01,Bondi,Not hot day,16.203583,11.264923,4.938659999999999,9.2432963625,74.82359158333334,3.0600747333333334,1020.4021320833334,0.0,0.5,0.5,1,19.5728,170988,873744.5671999999,873599.0,8,0,0,0,0.002062798564056768
2020-11-19,Bondi,Not hot day,20.68686,18.045135,2.641725000000001,15.629904458333334,77.73133470833334,5.836724916666667,1016.4012129166667,0.00047683716,0.5,0.5,1,19.5728,170988,873744.5671999999,873599.0,11,0,0,0,0.04068367608192835
2020-12-28,Bondi,Extreme risk,24.138885,18.86081,5.278074999999998,17.5341873125,79.120003125,6.496316575000001,1003.3099029166666,2.83241268936,0.5,0.5,1,19.5728,170988,873744.5671999999,873599.0,12,1,1,1,0.7445683698431174
2020-07-26,Parramatta,Not hot day,16.305878,11.4427185,4.8631595,13.461572041666665,97.52254133333334,3.242628629166667,1007.21372875,86.263179235,20.0,1.0,0,17.0356,933920,5481959.1784,5482170.0,7,0,0,0,0.028957955975522153
2020-05-19,Campbelltown,Not hot day,20.215424,10.460236,9.755187999999999,12.001045166666666,85.48776141666667,1.5277342083333334,1012.6692466666667,0.04482269236,40.0,10.0,0,10.7411,1197240,11143979.7879,11146300.0,5,0,0,0,0.004999859421483054
2020-09-01,Bondi,Not hot day,15.034515,12.675446,2.359069,7.287493349999999,64.282637375,4.75967675,1018.2857566666667,0.0476837149,0.5,0.5,1,19.5728,170988,873744.5671999999,873599.0,9,0,0,0,0.002023581660128044
2020-02-18,Parramatta,Low risk,31.27356,19.67923,11.59433,20.480128,76.82230770833333,2.3514598858333335,999.8669679166666,0.58507920226,20.0,1.0,0,17.0356,933920,5481959.1784,5482170.0,2,1,0,0,0.43104847255474094
2020-07-19,Bondi,Not hot day,17.953583,11.517548,6.436034999999999,9.480384833333334,72.566273125,4.206962529166667,1011.01755125,0.0,0.5,0.5,1,19.5728,170988,873744.5671999999,873599.0,7,0,0,0,0.007036260414734173
2020-03-09,Parramatta,Not hot day,21.648712,17.066559,4.582152999999998,15.330123958333333,80.06671250000001,2.880265595833333,1013.3828941666667,1.7852783191000001,20.0,1.0,0,17.0356,933920,5481959.1784,5482170.0,3,0,0,0,0.16022565126682192
2020-05-15,Parramatta,Not hot day,16.741516,8.464447,8.277069000000001,9.688119325,80.79601420833333,3.2922398666666663,1021.7201920833332,2.25162507076,20.0,1.0,0,17.0356,933920,5481959.1784,5482170.0,5,0,0,0,0.004556609668064262
2020-09-29,Bondi,Not hot day,16.063324,13.871674,2.191650000000001,9.2598406625,68.19450562499999,3.8130899583333338,1020.3736020833334,0.08106231826,0.5,0.5,1,19.5728,170988,873744.5671999999,873599.0,9,0,0,0,0.002023581660128044
2020-04-20,Parramatta,Not hot day,20.707916,11.278015,9.429901000000001,10.5839449375,73.09868204166666,2.150053816666667,1007.3516166666667,0.0,20.0,1.0,0,17.0356,933920,5481959.1784,5482170.0,4,0,0,0,0.007856627267530749
2020-01-06,Campbelltown,High risk,24.065948,17.648956,6.4169920000000005,15.253026333333333,71.81342966666666,2.402990808333333,1004.9955775,0.424861907,40.0,10.0,0,10.7411,1197240,11143979.7879,11146300.0,1,1,1,1,0.7253866673624806
2020-06-09,Bondi,Not hot day,17.347168,15.40509,1.9420780000000004,12.243080125,76.83330520833333,3.2694259750000003,1026.7705708333333,1.8873214678,0.5,0.5,1,19.5728,170988,873744.5671999999,873599.0,6,0,0,0,0.006297147064231524
2020-08-18,Bondi,Not hot day,18.900024,12.242432,6.6575919999999975,8.679393804166667,65.49157520833333,4.707955470833333,999.8200350000001,3.27777863306,0.5,0.5,1,19.5728,170988,873744.5671999999,873599.0,8,0,0,0,0.006991151768960379
2020-11-30,Parramatta,Not hot day,23.176361,17.92862,5.247741000000001,13.475763958333333,64.71556245833334,3.819610075,1008.9840416666666,0.042438507019999995,20.0,1.0,0,17.0356,933920,5481959.1784,5482170.0,11,0,0,0,0.11398979862327131
2020-03-17,Parramatta,Not hot day,21.951324,14.269989,7.681334999999999,14.411266333333332,80.749606,2.0289038875,1019.4867891666667,2.065181728,20.0,1.0,0,17.0356,933920,5481959.1784,5482170.0,3,0,0,0,0.03901162020321265
2020-03-15,Parramatta,Not hot day,19.804108,14.183319,5.620789,12.0916760625,72.19913687500001,4.459637833333333,1014.3890029166668,1.4066696167,20.0,1.0,0,17.0356,933920,5481959.1784,5482170.0,3,0,0,0,0.04216074043025156
2020-03-10,Campbelltown,Not hot day,22.402252,14.918793,7.483459,14.192570937500001,76.62715583333333,1.4385106583333334,1006.5652195833333,1.3728141791000001,40.0,10.0,0,10.7411,1197240,11143979.7879,11146300.0,3,0,0,0,0.07709663368984669
2020-08-28,Parramatta,Not hot day,18.189606,6.556671,11.632935000000002,1.8338648341666666,50.011170166666666,2.6641672708333335,1016.7816408333333,0.0,20.0,1.0,0,17.0356,933920,5481959.1784,5482170.0,8,0,0,0,0.0037388402636250777
2020-04-12,Campbelltown,Not hot day,21.014679,9.225555,11.789124000000001,5.4162216291666665,55.495718124999996,2.56677798375,1000.2914099999999,0.0,40.0,10.0,0,10.7411,1197240,11143979.7879,11146300.0,4,0,0,0,0.00852807546269155
2020-07-25,Parramatta,Not hot day,17.207733,5.967987,11.239746,10.1038932875,92.27770275,1.5647244833333334,1017.28014625,1.29604339336,20.0,1.0,0,17.0356,933920,5481959.1784,5482170.0,7,0,0,0,0.005817881101591893
2020-12-04,Parramatta,Low risk,33.180725,16.925415,16.25531,14.248757499999998,62.638256250000005,1.8434152704166664,1005.8266270833333,0.00047683716,20.0,1.0,0,17.0356,933920,5481959.1784,5482170.0,12,1,0,0,0.3538605075796771
2020-04-23,Bondi,Not hot day,21.061493,16.144104,4.917389,12.684532249999998,67.089163,4.0572889625,1013.7258004166666,0.0,0.5,0.5,1,19.5728,170988,873744.5671999999,873599.0,4,0,0,0,0.07498826249385984
2020-05-05,Bondi,Not hot day,17.913055,15.566223,2.346831999999999,13.281211958333332,79.61479641666666,5.203900391666667,1024.4162987500001,5.159378095,0.5,0.5,1,19.5728,170988,873744.5671999999,873599.0,5,0,0,0,0.006297147064231524
2020-09-19,Bondi,Not hot day,18.527618,16.73935,1.7882679999999986,15.822195729166667,88.18233633333334,5.308685916666667,1019.5821920833333,2.05326081082,0.5,0.5,1,19.5728,170988,873744.5671999999,873599.0,9,0,0,0,0.02190149444918461
2020-05-23,Parramatta,Not hot day,16.654297,12.381744,4.272553,8.53051885,69.65949133333334,4.375966675,1000.5476525,5.845069891,20.0,1.0,0,17.0356,933920,5481959.1784,5482170.0,5,0,0,0,0.009781137219739128
2020-03-31,Bondi,Not hot day,22.4003,20.188324,2.211976,18.388670708333333,83.202887875,3.332889358333333,1010.9077375,0.6928443910600001,0.5,0.5,1,19.5728,170988,873744.5671999999,873599.0,3,0,0,0,0.2061684564780211
2020-07-13,Campbelltown,Not hot day,16.002289,7.0297546,8.9725344,7.7479502875,84.06734995833334,1.8762579070833334,1002.7521016666666,3.7088393951,40.0,10.0,0,10.7411,1197240,11143979.7879,11146300.0,7,0,0,0,0.013267553849421456
2020-03-20,Campbelltown,Low risk,34.436127,16.791992,17.644135,13.947064625000001,56.777778250000004,2.3873788875,999.6689829166667,0.0,40.0,10.0,0,10.7411,1197240,11143979.7879,11146300.0,3,0,0,0,0.38616421016070246
2020-01-18,Parramatta,Not hot day,23.102814,19.812592,3.290222,18.142894791666667,81.43947570833333,3.4022126020833334,1002.0768262500001,4.8809051731,20.0,1.0,0,17.0356,933920,5481959.1784,5482170.0,1,1,0,0,0.2895709201833314
2020-06-07,Campbelltown,Not hot day,16.02127,4.7628174,11.258452600000002,7.291097054166666,84.78473295833334,2.0334737416666666,1008.29244,2.69889829686,40.0,10.0,0,10.7411,1197240,11143979.7879,11146300.0,6,0,0,0,0.011417831153347529
2020-03-01,Bondi,Extreme risk,24.672943,20.854095,3.818847999999999,20.22467425,84.41637333333334,4.721534195833333,1007.03125125,0.00286102292,0.5,0.5,1,19.5728,170988,873744.5671999999,873599.0,3,0,1,1,0.8468027309450211
2020-10-15,Bondi,Not hot day,20.221008,16.710907,3.5101010000000024,15.666229291666667,82.60234208333334,5.3150649125,1013.6755683333334,0.3666877765,0.5,0.5,1,19.5728,170988,873744.5671999999,873599.0,10,0,0,0,0.060861476060352485
2020-10-09,Bondi,Not hot day,20.320312,16.013947,4.3063649999999996,8.704280825,55.22511816666667,5.762855666666667,1008.8212954166667,0.0,0.5,0.5,1,19.5728,170988,873744.5671999999,873599.0,10,0,0,0,0.04514731020602349
2020-07-22,Parramatta,Not hot day,17.676483,3.738861,13.937622000000001,5.337375620833334,76.068365,1.7621468166666665,1018.9444729166667,0.0,20.0,1.0,0,17.0356,933920,5481959.1784,5482170.0,7,0,0,0,0.0026842427653696794
2020-03-05,Parramatta,Not hot day,22.600067,21.910187,0.6898799999999987,20.716106541666665,91.16021579166666,3.8648059458333335,1002.74583875,23.8041878066,20.0,1.0,0,17.0356,933920,5481959.1784,5482170.0,3,0,0,0,0.2091482338734442
2020-03-13,Parramatta,Low risk,25.302155,11.962738,13.339417,13.966808375,75.119259375,2.4143937345833333,1011.14130375,0.0,20.0,1.0,0,17.0356,933920,5481959.1784,5482170.0,3,0,0,0,0.19269893024799475
2020-11-14,Bondi,Not hot day,20.774963,18.259186,2.515777,15.537843083333334,78.60965,3.317820825,1004.2143487499999,0.00286102296,0.5,0.5,1,19.5728,170988,873744.5671999999,873599.0,11,0,0,0,0.09176680580548496
2020-02-02,Parramatta,Moderate risk,33.809967,22.2789,11.531067,20.483364124999998,65.167006125,3.0877976375,998.9661504166667,12.089252329199999,20.0,1.0,0,17.0356,933920,5481959.1784,5482170.0,2,1,0,0,0.3975961527882141
2020-05-18,Campbelltown,Not hot day,17.84021,9.332672,8.507537999999998,11.4364840625,87.13004670833334,1.2821562070833332,1016.9673145833334,1.0080337465,40.0,10.0,0,10.7411,1197240,11143979.7879,11146300.0,5,0,0,0,0.014681920735823938
2020-02-28,Campbelltown,Moderate risk,25.709381,12.911804,12.797577,12.172856675,65.19031325,2.5485683166666666,996.9649804166667,0.1235008239,40.0,10.0,0,10.7411,1197240,11143979.7879,11146300.0,2,1,0,0,0.2615077536092924
2020-01-28,Bondi,Extreme risk,25.191132,23.717773,1.4733589999999985,22.457602166666664,89.09270591666666,3.6111891158333336,1007.0148545833334,0.86975098218,0.5,0.5,1,19.5728,170988,873744.5671999999,873599.0,1,1,1,1,0.8751235301106897
2020-06-01,Bondi,Not hot day,20.422577,11.869171,8.553406,9.524345379166666,64.37162500000001,7.066332604166667,1005.0058058333334,0.2732276892,0.5,0.5,1,19.5728,170988,873744.5671999999,873599.0,6,0,0,0,0.004136821361661514
2020-01-15,Parramatta,Moderate risk,28.494476,17.855927,10.638548999999998,17.857068354166667,73.50671675,2.1400104208333333,1004.8868554166667,0.00238418576,20.0,1.0,0,17.0356,933920,5481959.1784,5482170.0,1,1,0,0,0.46095854486111065
2020-12-05,Bondi,Not hot day,22.74704,19.153473,3.5935669999999966,18.077435791666666,85.66500437500001,5.578472495833334,1004.0480191666667,12.21227658142,0.5,0.5,1,19.5728,170988,873744.5671999999,873599.0,12,1,0,0,0.15710428800943319
2020-08-24,Bondi,Not hot day,15.255463,10.152863,5.102600000000001,3.9021021416666666,56.676782333333335,5.909032766666667,1013.5372954166668,0.029563904,0.5,0.5,1,19.5728,170988,873744.5671999999,873599.0,8,0,0,0,0.001990279819836085
2020-11-08,Bondi,Not hot day,17.603668,15.750946,1.8527219999999982,8.931189233333333,60.05408454166667,4.5745877833333335,1023.1282533333333,0.06961822526,0.5,0.5,1,19.5728,170988,873744.5671999999,873599.0,11,0,0,0,0.00258366256503258
2020-05-01,Bondi,Not hot day,15.950592,12.989502,2.9610900000000004,6.7555771,60.728489583333335,8.469176566666667,1002.4938587500001,0.0066757203,0.5,0.5,1,19.5728,170988,873744.5671999999,873599.0,5,0,0,0,0.0072517413934304765
2020-05-09,Bondi,Not hot day,22.959473,17.385956,5.573516999999999,12.607616499999999,64.61332279166666,5.500882608333334,1007.6630825000001,0.1749992409,0.5,0.5,1,19.5728,170988,873744.5671999999,873599.0,5,0,0,0,0.07649761222969617
2020-07-27,Campbelltown,Not hot day,15.6163025,12.246674,3.3696284999999992,12.190108,87.58400129166667,6.576133408333334,985.5586333333334,18.642425454,40.0,10.0,0,10.7411,1197240,11143979.7879,11146300.0,7,0,0,0,0.02182913295983726
2020-03-26,Campbelltown,Not hot day,21.210724,15.713593,5.4971309999999995,13.581891458333333,75.9276855,3.225450241666667,1010.0182304166666,3.8661956894,40.0,10.0,0,10.7411,1197240,11143979.7879,11146300.0,3,0,0,0,0.10175914230557323
2020-11-23,Campbelltown,Low risk,25.70755,17.61557,8.09198,17.3565381875,80.100064625,2.549337920833333,992.9636854166666,2.2764206075,40.0,10.0,0,10.7411,1197240,11143979.7879,11146300.0,11,0,0,1,0.6436420878056522
2020-01-23,Campbelltown,Low risk,40.464325,18.455719,22.008606000000004,14.7501208125,47.037981374999994,3.402602882083333,987.3864595833334,0.0014305115,40.0,10.0,0,10.7411,1197240,11143979.7879,11146300.0,1,1,0,0,0.3922188009788603
2020-09-11,Bondi,Not hot day,16.746002,14.204254,2.541748,9.687848408333332,68.669061875,4.516231183333333,1025.236825,0.10156631176,0.5,0.5,1,19.5728,170988,873744.5671999999,873599.0,9,0,0,0,0.00015216459494213477
2020-10-12,Campbelltown,Low risk,24.47525,13.587494,10.887756,13.349660354166666,74.15504308333333,1.9907247416666667,1007.7777666666666,1.49869917296,40.0,10.0,0,10.7411,1197240,11143979.7879,11146300.0,10,0,0,0,0.2489328027765187
2020-09-13,Parramatta,Low risk,24.358124,7.9927673,16.3653567,9.185641020833334,68.74644525000001,2.4863031625,1015.0585870833334,0.0,20.0,1.0,0,17.0356,933920,5481959.1784,5482170.0,9,0,0,0,0.06297521364432387
2020-06-26,Bondi,Not hot day,16.02945,12.026398,4.003052,8.540547679166666,70.803233875,5.005920258333333,1018.0544704166667,0.103950499,0.5,0.5,1,19.5728,170988,873744.5671999999,873599.0,6,0,0,0,0.00015216459494213477
2020-01-18,Campbelltown,Not hot day,23.129974,19.277435,3.852539,17.201488541666667,77.90331441666667,3.131515512083333,994.9418220833332,1.7790794381200001,40.0,10.0,0,10.7411,1197240,11143979.7879,11146300.0,1,1,0,0,0.2730733231551499
2020-02-27,Bondi,Not hot day,23.059967,19.858185,3.2017820000000015,15.762522312499998,70.70146645833333,5.2741416625,1004.8451804166666,0.45633316242,0.5,0.5,1,19.5728,170988,873744.5671999999,873599.0,2,1,0,0,0.2519015120568857
2020-06-22,Bondi,Not hot day,15.110535,11.31781,3.792725000000001,6.8101437874999995,66.62939266666667,5.315930320833334,1004.8890879166667,0.3995895362,0.5,0.5,1,19.5728,170988,873744.5671999999,873599.0,6,0,0,0,0.0063358184303636475
2020-11-20,Campbelltown,Low risk,34.535645,15.264374,19.271271000000002,17.068228395833334,68.67447766666668,2.0873661475,1001.7582600000001,2.1262168887,40.0,10.0,0,10.7411,1197240,11143979.7879,11146300.0,11,0,0,0,0.39334098638978154
2020-06-02,Bondi,Not hot day,15.442291,10.809601,4.63269,6.750659933333334,68.68021991666667,8.8672854375,1009.6246208333333,9.0451240335,0.5,0.5,1,19.5728,170988,873744.5671999999,873599.0,6,0,0,0,0.003876349777786945
2020-09-28,Bondi,Not hot day,15.752228,12.157196,3.595032,7.300108566666666,63.62665095833333,2.8785347,1021.3035799999999,0.07486343236,0.5,0.5,1,19.5728,170988,873744.5671999999,873599.0,9,0,0,0,0.002023581660128044
2020-02-03,Bondi,High risk,26.17215,19.916443,6.2557069999999975,20.271648333333335,83.72152370833334,4.9759812125,1002.3257291666667,6.2146186172,0.5,0.5,1,19.5728,170988,873744.5671999999,873599.0,2,1,1,1,0.8630295629447818
2020-07-19,Parramatta,Not hot day,20.04831,4.751709,15.296601,6.241452541666667,73.054393125,2.4521048708333333,1008.7400470833333,0.0,20.0,1.0,0,17.0356,933920,5481959.1784,5482170.0,7,0,0,0,0.0037500707699782837
2020-09-15,Campbelltown,Not hot day,22.591827,13.180939,9.410887999999998,13.150695749999999,81.56023270833333,1.7656530816666667,1012.0140979166666,0.9427070591,40.0,10.0,0,10.7411,1197240,11143979.7879,11146300.0,9,0,0,0,0.042341169165164026
2020-11-29,Campbelltown,Low risk,37.73941,18.507538,19.231872,14.049608979166665,45.32150470833333,5.6847869583333335,988.69978875,0.00047683716,40.0,10.0,0,10.7411,1197240,11143979.7879,11146300.0,11,0,0,0,0.38825576950891794
2020-08-05,Bondi,Not hot day,15.225861,9.1319275,6.0939335,2.075255075,53.02164591666667,7.1577663708333334,1008.2215737500001,0.0,0.5,0.5,1,19.5728,170988,873744.5671999999,873599.0,8,0,0,0,0.0027405968552031423
2020-03-31,Parramatta,High risk,26.751373,14.791534,11.959839,17.095946041666668,82.37859916666666,1.6350543616666666,1008.446495,0.5230903606,20.0,1.0,0,17.0356,933920,5481959.1784,5482170.0,3,0,1,0,0.30994306820338946
2020-05-30,Campbelltown,Not hot day,18.870392,7.0509644,11.8194276,9.7958985625,86.72835404166666,2.062546858333333,1010.4937745833334,0.008583068899999999,40.0,10.0,0,10.7411,1197240,11143979.7879,11146300.0,5,0,0,0,0.0041096008489736255
2020-06-08,Campbelltown,Not hot day,16.906677,7.4320374,9.4746396,7.892297129166667,77.07440687500001,2.7217708166666665,1013.2652883333334,1.9435882709999999,40.0,10.0,0,10.7411,1197240,11143979.7879,11146300.0,6,0,0,0,0.014802001648216488
2020-10-20,Campbelltown,Not hot day,20.673431,14.518433,6.154998000000001,12.8647079375,77.19176358333333,2.0599479833333336,1003.49601625,1.55544280472,40.0,10.0,0,10.7411,1197240,11143979.7879,11146300.0,10,0,0,0,0.02323805402273811
2020-04-21,Campbelltown,Low risk,24.868134,9.945587,14.922547000000002,10.9130935625,71.144195875,1.6602931916666668,1001.8792875,0.0,40.0,10.0,0,10.7411,1197240,11143979.7879,11146300.0,4,0,0,0,0.08919260435056531
2020-08-01,Parramatta,Not hot day,18.620514,3.5852356,15.0352784,6.454071016666667,80.34687195833332,1.6517027166666667,1017.8967058333333,0.0,20.0,1.0,0,17.0356,933920,5481959.1784,5482170.0,8,0,0,0,0.0026842427653696794
2020-07-07,Campbelltown,Not hot day,16.200897,7.8645325,8.336364500000002,7.433980304166667,77.19346075,2.0911335583333335,1014.4341008333334,0.5593299925599999,40.0,10.0,0,10.7411,1197240,11143979.7879,11146300.0,7,0,0,0,0.004999859421483054
2020-09-19,Campbelltown,Not hot day,21.905243,14.60025,7.304992999999998,15.189545916666667,86.14745383333333,2.0688772408333334,1009.4388650000001,2.1886825372,40.0,10.0,0,10.7411,1197240,11143979.7879,11146300.0,9,0,0,0,0.0573808275783833
2020-10-13,Parramatta,Low risk,28.804047,11.93692,16.867127,11.866972583333334,68.47912370833333,2.025077427083333,1014.7796083333333,0.00524520872,20.0,1.0,0,17.0356,933920,5481959.1784,5482170.0,10,0,0,0,0.07983822910178597
2020-07-01,Parramatta,Not hot day,20.840881,4.876068,15.964813,6.475111616666666,72.80883979166667,2.4849398416666664,1012.8161166666667,0.0,20.0,1.0,0,17.0356,933920,5481959.1784,5482170.0,7,0,0,0,0.001331346423906264
2020-10-29,Parramatta,Not hot day,19.725983,14.519379,5.206603999999999,14.095863458333334,85.08010145833333,2.209584769166667,1004.8507379166667,14.084815967159999,20.0,1.0,0,17.0356,933920,5481959.1784,5482170.0,10,0,0,0,0.046068012160078727
2020-03-14,Bondi,Not hot day,20.499176,16.820862,3.6783139999999968,15.064881708333333,79.99550933333333,8.529882720833333,1011.6155720833334,7.7881813966,0.5,0.5,1,19.5728,170988,873744.5671999999,873599.0,3,0,0,0,0.12113913879853523
2020-10-21,Campbelltown,Low risk,24.272766,12.117981,12.154785,13.237471333333334,76.337023875,2.4399707999999998,1000.8289625000001,0.07295608346,40.0,10.0,0,10.7411,1197240,11143979.7879,11146300.0,10,0,0,0,0.20169474430840245
2020-12-11,Parramatta,Not hot day,21.07846,16.913208,4.165251999999999,9.792235058333334,56.831079708333334,4.70900035,1020.0206545833333,0.9894371024,20.0,1.0,0,17.0356,933920,5481959.1784,5482170.0,12,1,0,0,0.05851804918366522
2020-08-22,Campbelltown,Not hot day,13.257568,6.8070374,6.4505306,1.6876983745833334,58.10191075,4.695837875,989.6195195833334,0.12063979996,40.0,10.0,0,10.7411,1197240,11143979.7879,11146300.0,8,0,0,0,0.009181159767749952
2020-12-30,Bondi,Not hot day,20.61142,19.366302,1.245117999999998,16.887166291666666,81.83592866666667,5.925335166666667,1013.3584633333334,11.87753680316,0.5,0.5,1,19.5728,170988,873744.5671999999,873599.0,12,1,0,0,0.07558990842340271
2020-10-22,Campbelltown,Low risk,25.490997,14.893463,10.597534,14.611715875,77.599074125,1.5817814516666668,999.7785375,0.1964569132,40.0,10.0,0,10.7411,1197240,11143979.7879,11146300.0,10,0,0,0,0.2702581809854371
2020-08-24,Parramatta,Not hot day,17.809723,7.3000183,10.509704700000002,1.3065617916666665,50.514842125,3.1337743916666665,1011.31563625,0.0,20.0,1.0,0,17.0356,933920,5481959.1784,5482170.0,8,0,0,0,0.0048901764278050045
2020-06-14,Parramatta,Not hot day,20.870758,9.721832,11.148926,9.3468272,72.02622595833334,2.9773223916666667,1008.2577183333333,5.9223174116,20.0,1.0,0,17.0356,933920,5481959.1784,5482170.0,6,0,0,0,0.009479566519779624
2020-05-12,Bondi,Not hot day,17.501587,13.028839,4.472748000000001,9.6341285875,68.37423733333334,3.8524546500000003,1020.65039875,0.0,0.5,0.5,1,19.5728,170988,873744.5671999999,873599.0,5,0,0,0,0.00150506093640555
2020-07-10,Bondi,Not hot day,15.969391,12.885468,3.0839230000000004,12.292204562499998,85.9310975,2.5196136333333334,1020.4394412500001,3.98540499016,0.5,0.5,1,19.5728,170988,873744.5671999999,873599.0,7,0,0,0,0.0006331944052402382
2020-11-22,Campbelltown,Low risk,27.246521,15.812164,11.434357000000002,17.181971229166667,75.93298187500001,1.29607115375,1000.7783850000001,0.67234040456,40.0,10.0,0,10.7411,1197240,11143979.7879,11146300.0,11,0,0,0,0.4385725824671453
2020-10-17,Parramatta,Low risk,29.510895,15.838745,13.672150000000002,13.738812875,65.253581875,2.3073206991666666,1005.2519491666667,0.30779838856,20.0,1.0,0,17.0356,933920,5481959.1784,5482170.0,10,0,0,0,0.27788175701006174
2020-07-15,Bondi,Not hot day,14.544647,13.205048,1.3395989999999998,9.981577541666667,77.37503770833334,11.413017041666668,1012.2318645833334,7.071971912,0.5,0.5,1,19.5728,170988,873744.5671999999,873599.0,7,0,0,0,0.001457625431714925
2020-12-27,Parramatta,Moderate risk,30.595947,16.372833,14.223113999999999,17.561520833333333,72.17777679166666,2.3012129483333332,1003.46095,5.4817199545,20.0,1.0,0,17.0356,933920,5481959.1784,5482170.0,12,1,0,1,0.5038152194439158
2020-03-15,Campbelltown,Not hot day,19.276764,12.788788,6.487976,11.040894854166666,71.24298954166666,3.5321733041666667,1007.2848370833334,0.7815361024,40.0,10.0,0,10.7411,1197240,11143979.7879,11146300.0,3,0,0,0,0.03924528806775858
