date,suburb,tmax,tmin,daily_temp_range,night_start_time,night_min_time,night_start_temp,night_min_temp,night_hours_to_min,night_total_hours,night_cooling_rate,hot_day,cooling_failure,cooling_risk_category,humidity_mean,wind_speed_mean,air_pressure_mean,precipitation_total,month,is_summer
2020-01-01,Parramatta,26.2,21.3,4.899999999999999,2020-01-01 18:00:00,2020-01-02 00:00:00,23.4,20.1,6.0,10.0,0.5499999999999995,1,1,High risk,61.125,22.5,1014.6625,0.0,1,1
2020-01-02,Parramatta,26.1,20.1,6.0,2020-01-02 18:00:00,2020-01-03 04:00:00,24.1,21.8,10.0,10.0,0.23000000000000007,1,1,Extreme risk,64.5625,16.7125,1018.225,0.0,1,1
2020-01-03,Parramatta,31.8,21.2,10.600000000000001,2020-01-03 18:00:00,2020-01-04 04:00:00,28.7,21.4,10.0,10.0,0.7300000000000001,1,0,Moderate risk,64.0,13.46875,1014.8,0.0,1,1
2020-01-04,Parramatta,46.7,20.8,25.900000000000002,2020-01-04 18:00:00,2020-01-05 04:00:00,40.5,23.0,10.0,10.0,1.75,1,0,Low risk,49.5,11.6125,1007.69375,0.0,1,1
2020-01-05,Parramatta,25.3,21.2,4.100000000000001,2020-01-05 18:00:00,2020-01-06 04:00:00,21.6,18.4,10.0,10.0,0.3200000000000003,0,0,Not hot day,52.25,23.21875,1017.83125,0.0,1,1
2020-01-06,Parramatta,23.5,18.4,5.100000000000001,2020-01-06 18:00:00,2020-01-07 04:00:00,22.8,20.1,10.0,10.0,0.2699999999999999,0,0,Not hot day,69.625,8.9125,1019.98125,0.0,1,1
2020-01-07,Parramatta,31.8,20.1,11.7,2020-01-07 18:00:00,2020-01-08 03:00:00,29.3,22.0,9.0,10.0,0.8111111111111112,1,0,Low risk,73.625,12.15625,1013.76875,0.0,1,1
2020-01-08,Parramatta,26.8,21.2,5.600000000000001,2020-01-08 18:00:00,2020-01-09 03:00:00,24.7,20.7,9.0,10.0,0.4444444444444444,1,1,High risk,72.8125,16.4625,1014.775,0.0,1,1
2020-01-09,Parramatta,26.2,20.7,5.5,2020-01-09 18:00:00,2020-01-10 01:00:00,24.2,22.2,7.0,10.0,0.2857142857142857,1,1,Extreme risk,70.5,11.59375,1016.875,0.0,1,1
2020-01-10,Parramatta,32.2,22.2,10.000000000000004,2020-01-10 18:00:00,2020-01-11 04:00:00,31.9,21.7,10.0,10.0,1.02,1,0,Low risk,64.8125,10.6625,1009.475,0.0,1,1
2020-01-11,Parramatta,26.8,18.7,8.100000000000001,2020-01-11 18:00:00,2020-01-12 04:00:00,21.8,19.9,10.0,10.0,0.19000000000000022,1,1,Extreme risk,65.125,17.74375,1011.275,0.0,1,1
2020-01-12,Parramatta,21.6,17.8,3.8000000000000007,2020-01-12 18:00:00,2020-01-13 04:00:00,17.8,16.4,10.0,10.0,0.1400000000000002,0,0,Not hot day,75.92307692307692,10.576923076923077,1018.5999999999999,0.0,1,1
2020-01-13,Parramatta,25.5,15.9,9.6,2020-01-13 18:00:00,2020-01-14 04:00:00,24.6,17.4,10.0,10.0,0.7200000000000003,0,0,Not hot day,72.375,10.9625,1018.725,0.0,1,1
2020-01-14,Parramatta,27.6,16.6,11.0,2020-01-14 18:00:00,2020-01-15 04:00:00,25.9,17.8,10.0,10.0,0.8099999999999998,1,0,Low risk,70.53333333333333,10.393333333333334,1016.7333333333333,0.0,1,1
2020-01-15,Parramatta,28.6,16.9,11.700000000000003,2020-01-15 18:00:00,2020-01-16 04:00:00,26.1,21.9,10.0,10.0,0.42000000000000026,1,1,High risk,72.25,9.28125,1012.375,0.0,1,1
2020-01-16,Parramatta,28.8,20.6,8.2,2020-01-16 18:00:00,2020-01-17 01:00:00,25.5,20.1,7.0,10.0,0.7714285714285712,1,0,Moderate risk,82.5625,9.54375,1007.18125,0.0,1,1
2020-01-17,Parramatta,22.2,18.6,3.599999999999998,2020-01-17 18:00:00,2020-01-18 01:00:00,22.2,20.3,7.0,10.0,0.27142857142857124,0,0,Not hot day,86.0625,11.6375,1008.8875,0.0,1,1
2020-01-18,Parramatta,24.3,20.3,4.0,2020-01-18 18:00:00,2020-01-19 04:00:00,23.1,19.1,10.0,10.0,0.4,0,0,Not hot day,76.9375,12.3,1009.2375,0.0,1,1
2020-01-19,Parramatta,24.2,18.9,5.300000000000001,2020-01-19 18:00:00,2020-01-20 04:00:00,24.2,21.3,10.0,10.0,0.28999999999999987,0,0,Not hot day,84.0,5.8,1007.31875,0.0,1,1
2020-01-20,Parramatta,30.3,19.6,10.7,2020-01-20 18:00:00,2020-01-21 04:00:00,22.8,17.8,10.0,10.0,0.5,1,1,High risk,77.75,12.0625,1002.40625,0.0,1,1
2020-01-21,Parramatta,29.8,17.0,12.8,2020-01-21 18:00:00,2020-01-22 04:00:00,27.3,19.0,10.0,10.0,0.8300000000000001,1,0,Low risk,63.875,12.05,1006.43125,0.0,1,1
2020-01-22,Parramatta,31.2,18.8,12.399999999999999,2020-01-22 18:00:00,2020-01-23 04:00:00,30.1,19.7,10.0,10.0,1.0400000000000003,1,0,Low risk,66.0,10.2875,1008.7,0.0,1,1
2020-01-23,Parramatta,41.4,19.0,22.4,2020-01-23 18:00:00,2020-01-24 04:00:00,39.9,26.6,10.0,10.0,1.3299999999999996,1,0,Low risk,50.0,10.875,1001.4125,0.0,1,1
2020-01-24,Parramatta,30.2,22.3,7.899999999999999,2020-01-24 18:00:00,2020-01-25 00:00:00,25.3,23.1,6.0,10.0,0.36666666666666653,1,1,High risk,67.375,16.51875,1008.39375,0.0,1,1
2020-01-25,Parramatta,28.9,23.1,5.799999999999997,2020-01-25 18:00:00,2020-01-26 04:00:00,27.1,25.0,10.0,10.0,0.21000000000000013,1,1,Extreme risk,72.5,12.06875,1013.14375,0.0,1,1
2020-01-26,Parramatta,35.4,24.1,11.299999999999997,2020-01-26 18:00:00,2020-01-27 04:00:00,32.2,23.9,10.0,10.0,0.8300000000000004,1,0,Low risk,68.125,12.1,1010.43125,0.0,1,1
2020-01-27,Parramatta,29.2,23.7,5.5,2020-01-27 18:00:00,2020-01-28 04:00:00,28.0,22.8,10.0,10.0,0.5199999999999999,1,1,High risk,71.0,14.9625,1012.725,0.0,1,1
2020-01-28,Parramatta,31.9,22.3,9.599999999999998,2020-01-28 18:00:00,2020-01-29 04:00:00,26.9,23.5,10.0,10.0,0.33999999999999986,1,1,Extreme risk,75.75,12.73125,1011.4625,0.0,1,1
2020-01-29,Parramatta,27.5,23.0,4.5,2020-01-29 18:00:00,2020-01-30 04:00:00,25.6,18.8,10.0,10.0,0.68,1,0,Moderate risk,68.625,16.76875,1015.84375,0.0,1,1
2020-01-30,Parramatta,31.0,17.8,13.2,2020-01-30 18:00:00,2020-01-31 03:00:00,28.1,22.2,9.0,10.0,0.6555555555555558,1,0,Moderate risk,72.375,9.03125,1015.975,0.0,1,1
2020-01-31,Parramatta,34.2,22.2,12.000000000000004,2020-01-31 18:00:00,2020-02-01 04:00:00,32.6,24.0,10.0,10.0,0.8600000000000001,1,0,Low risk,69.0625,9.64375,1013.16875,0.0,1,1
2020-02-01,Parramatta,42.9,24.0,18.9,2020-02-01 18:00:00,2020-02-02 04:00:00,38.2,26.7,10.0,10.0,1.1500000000000004,1,0,Low risk,55.75,10.0875,1008.425,0.0,2,1
2020-02-02,Parramatta,31.8,22.9,8.900000000000002,2020-02-02 18:00:00,2020-02-03 03:00:00,24.4,22.6,9.0,10.0,0.19999999999999968,1,1,Extreme risk,70.75,16.80625,1006.0625,0.0,2,1
2020-02-03,Parramatta,34.0,20.0,14.0,2020-02-03 18:00:00,2020-02-04 04:00:00,26.2,18.8,10.0,10.0,0.7399999999999999,1,0,Moderate risk,69.8125,14.65,1006.7125,0.0,2,1
2020-02-04,Parramatta,22.9,16.8,6.099999999999998,2020-02-04 18:00:00,2020-02-05 04:00:00,22.0,16.8,10.0,10.0,0.5199999999999999,0,0,Not hot day,52.0625,17.63125,1019.74375,0.0,2,1
2020-02-05,Parramatta,25.4,15.8,9.599999999999998,2020-02-05 18:00:00,2020-02-06 03:00:00,24.6,20.2,9.0,10.0,0.48888888888888915,0,0,Not hot day,64.0,11.01875,1019.9250000000001,0.0,2,1
2020-02-06,Parramatta,24.1,20.2,3.900000000000002,2020-02-06 18:00:00,2020-02-07 00:00:00,20.4,20.0,6.0,10.0,0.06666666666666643,0,0,Not hot day,80.75,9.5,1021.2125,0.0,2,1
2020-02-07,Parramatta,20.7,18.9,1.8000000000000007,2020-02-07 18:00:00,2020-02-08 04:00:00,19.9,19.7,10.0,10.0,0.019999999999999928,0,0,Not hot day,90.4375,15.76875,1020.06875,0.0,2,1
2020-02-08,Parramatta,23.4,19.7,3.6999999999999993,2020-02-08 18:00:00,2020-02-08 21:00:00,22.4,20.4,3.0,10.0,0.6666666666666666,0,0,Not hot day,89.375,20.98125,1018.20625,0.0,2,1
2020-02-09,Parramatta,21.9,19.9,2.0,2020-02-09 18:00:00,2020-02-10 01:00:00,21.3,20.6,7.0,10.0,0.0999999999999999,0,0,Not hot day,91.5,34.99375,1012.11875,0.0,2,1
2020-02-10,Parramatta,28.6,20.6,8.0,2020-02-10 18:00:00,2020-02-11 04:00:00,25.7,21.6,10.0,10.0,0.4099999999999998,1,1,High risk,82.4375,12.4375,1008.34375,0.0,2,1
2020-02-11,Parramatta,29.4,20.6,8.799999999999997,2020-02-11 18:00:00,2020-02-12 04:00:00,27.6,23.0,10.0,10.0,0.46000000000000013,1,1,High risk,75.4375,10.00625,1008.1625,0.0,2,1
2020-02-12,Parramatta,26.8,22.7,4.100000000000001,2020-02-12 18:00:00,2020-02-13 01:00:00,24.2,21.6,7.0,10.0,0.3714285714285711,1,1,High risk,82.625,15.8125,1009.34375,0.0,2,1
2020-02-13,Parramatta,26.4,21.6,4.799999999999997,2020-02-13 18:00:00,2020-02-14 01:00:00,24.9,21.2,7.0,10.0,0.5285714285714285,1,1,High risk,86.5625,15.54375,1011.075,0.0,2,1
2020-02-14,Parramatta,27.3,20.1,7.199999999999999,2020-02-14 18:00:00,2020-02-15 04:00:00,24.7,17.6,10.0,10.0,0.7099999999999997,1,0,Moderate risk,72.9375,14.16875,1008.66875,0.0,2,1
2020-02-15,Parramatta,27.2,17.4,9.8,2020-02-15 18:00:00,2020-02-16 03:00:00,25.8,20.7,9.0,10.0,0.5666666666666669,1,0,Moderate risk,77.625,7.9125000000000005,1006.5375,0.0,2,1
2020-02-16,Parramatta,26.4,20.1,6.299999999999997,2020-02-16 18:00:00,2020-02-17 03:00:00,23.7,20.6,9.0,10.0,0.3444444444444442,1,1,Extreme risk,74.75,10.70625,1013.54375,0.0,2,1
2020-02-17,Parramatta,25.2,20.6,4.599999999999998,2020-02-17 18:00:00,2020-02-18 01:00:00,23.8,21.1,7.0,10.0,0.3857142857142856,0,0,Not hot day,82.4375,6.6125,1013.59375,0.0,2,1
2020-02-18,Parramatta,32.0,20.0,12.0,2020-02-18 18:00:00,2020-02-19 04:00:00,30.2,19.7,10.0,10.0,1.05,1,0,Low risk,72.5625,8.13125,1007.0625,0.0,2,1
2020-02-19,Parramatta,28.4,18.7,9.7,2020-02-19 18:00:00,2020-02-20 04:00:00,26.8,16.2,10.0,10.0,1.06,1,0,Low risk,56.875,13.0,1003.3,0.0,2,1
2020-02-20,Parramatta,24.1,15.5,8.600000000000001,2020-02-20 18:00:00,2020-02-21 04:00:00,22.1,19.4,10.0,10.0,0.2700000000000003,0,0,Not hot day,66.125,10.3625,1010.3625,0.0,2,1
2020-02-21,Parramatta,24.6,18.8,5.800000000000001,2020-02-21 18:00:00,2020-02-22 03:00:00,23.4,18.4,9.0,10.0,0.5555555555555556,0,0,Not hot day,66.25,10.225,1016.2875,0.0,2,1
2020-02-22,Parramatta,22.8,18.0,4.800000000000001,2020-02-22 18:00:00,2020-02-23 04:00:00,21.3,19.9,10.0,10.0,0.1400000000000002,0,0,Not hot day,76.5625,10.3125,1023.05,0.0,2,1
2020-02-23,Parramatta,24.9,19.9,5.0,2020-02-23 18:00:00,2020-02-24 04:00:00,24.1,19.4,10.0,10.0,0.4700000000000003,0,0,Not hot day,72.375,7.5375,1023.6125,0.0,2,1
2020-02-24,Parramatta,28.1,18.2,9.900000000000002,2020-02-24 18:00:00,2020-02-25 04:00:00,26.5,19.5,10.0,10.0,0.7,1,0,Moderate risk,68.5,8.45,1020.18125,0.0,2,1
2020-02-25,Parramatta,30.5,18.7,11.8,2020-02-25 18:00:00,2020-02-26 04:00:00,27.5,20.9,10.0,10.0,0.6600000000000001,1,0,Moderate risk,69.125,7.79375,1014.9,0.0,2,1
2020-02-26,Parramatta,32.1,20.0,12.100000000000001,2020-02-26 18:00:00,2020-02-27 03:00:00,30.3,19.8,9.0,10.0,1.1666666666666667,1,0,Low risk,65.25,11.35625,1006.49375,0.0,2,1
2020-02-27,Parramatta,26.3,18.9,7.400000000000002,2020-02-27 18:00:00,2020-02-28 04:00:00,24.6,16.4,10.0,10.0,0.8200000000000003,1,0,Low risk,62.875,14.38125,1009.65625,0.0,2,1
2020-02-28,Parramatta,25.9,13.7,12.2,2020-02-28 18:00:00,2020-02-29 04:00:00,22.2,17.5,10.0,10.0,0.4699999999999999,1,1,High risk,65.125,12.043750000000001,1011.43125,0.0,2,1
2020-02-29,Parramatta,26.9,16.7,10.2,2020-02-29 18:00:00,2020-03-01 04:00:00,24.3,18.1,10.0,10.0,0.6199999999999999,1,0,Moderate risk,67.4375,9.5375,1015.95625,0.0,2,1
2020-03-01,Parramatta,30.3,17.4,12.900000000000002,2020-03-01 18:00:00,2020-03-02 04:00:00,29.6,18.9,10.0,10.0,1.0700000000000003,1,0,Low risk,70.25,8.35625,1011.7625,0.0,3,0
2020-03-02,Parramatta,37.0,17.4,19.6,2020-03-02 18:00:00,2020-03-03 03:00:00,23.3,20.1,9.0,10.0,0.35555555555555546,1,1,High risk,63.125,9.4,1009.94375,0.0,3,0
2020-03-03,Parramatta,21.4,18.7,2.6999999999999993,2020-03-03 18:00:00,2020-03-03 19:00:00,19.2,18.7,1.0,10.0,0.5,0,0,Not hot day,75.625,10.8625,1019.275,0.0,3,0
2020-03-04,Parramatta,24.3,18.8,5.5,2020-03-04 18:00:00,2020-03-05 03:00:00,23.3,22.6,9.0,10.0,0.0777777777777777,0,0,Not hot day,84.625,11.025,1018.13125,0.0,3,0
2020-03-05,Parramatta,23.1,21.9,1.2000000000000028,2020-03-05 18:00:00,2020-03-06 03:00:00,22.3,21.1,9.0,10.0,0.13333333333333325,0,0,Not hot day,86.5,8.7125,1010.375,0.0,3,0
2020-03-06,Parramatta,27.4,21.1,6.299999999999997,2020-03-06 18:00:00,2020-03-07 04:00:00,23.0,20.0,10.0,10.0,0.3,1,1,Extreme risk,81.0,12.88125,1008.68125,0.0,3,0
2020-03-07,Parramatta,24.1,18.8,5.300000000000001,2020-03-07 18:00:00,2020-03-08 04:00:00,21.8,17.6,10.0,10.0,0.41999999999999993,0,0,Not hot day,70.8125,15.68125,1018.825,0.0,3,0
2020-03-08,Parramatta,21.8,16.7,5.100000000000001,2020-03-08 18:00:00,2020-03-09 04:00:00,20.7,17.7,10.0,10.0,0.3,0,0,Not hot day,80.4375,11.49375,1020.3875,0.0,3,0
2020-03-09,Parramatta,22.5,17.1,5.399999999999999,2020-03-09 18:00:00,2020-03-10 01:00:00,20.6,16.9,7.0,10.0,0.528571428571429,0,0,Not hot day,74.75,12.525,1020.84375,0.0,3,0
2020-03-10,Parramatta,22.8,16.1,6.699999999999999,2020-03-10 18:00:00,2020-03-11 04:00:00,22.4,14.3,10.0,10.0,0.8099999999999998,0,0,Not hot day,71.1875,9.85625,1021.30625,0.0,3,0
2020-03-11,Parramatta,24.6,13.5,11.100000000000001,2020-03-11 18:00:00,2020-03-12 04:00:00,23.2,15.3,10.0,10.0,0.7899999999999998,0,0,Not hot day,70.8125,0.0,1022.98125,0.0,3,0
2020-03-12,Parramatta,25.0,15.3,9.7,2020-03-12 18:00:00,2020-03-13 04:00:00,23.5,14.7,10.0,10.0,0.8800000000000001,0,0,Not hot day,70.6875,0.0,1024.05,0.0,3,0
2020-03-13,Parramatta,26.2,13.5,12.7,2020-03-13 18:00:00,2020-03-14 04:00:00,24.7,15.7,10.0,10.0,0.9,1,0,Low risk,69.4375,0.0,1018.725,0.0,3,0
2020-03-14,Parramatta,18.8,12.6,6.200000000000001,2020-03-14 18:00:00,2020-03-14 18:00:00,14.2,14.2,0.0,10.0,0.0,0,0,Not hot day,83.375,0.0,1016.70625,0.0,3,0
2020-03-15,Parramatta,20.9,13.1,7.799999999999999,2020-03-15 18:00:00,2020-03-16 04:00:00,19.4,15.2,10.0,10.0,0.41999999999999993,0,0,Not hot day,69.0625,0.0,1021.83125,0.0,3,0
2020-03-16,Parramatta,21.5,14.6,6.9,2020-03-16 18:00:00,2020-03-17 04:00:00,21.1,15.3,10.0,10.0,0.5800000000000001,0,0,Not hot day,79.4375,0.0,1025.0,0.0,3,0
2020-03-17,Parramatta,22.5,15.0,7.5,2020-03-17 18:00:00,2020-03-18 04:00:00,21.4,13.4,10.0,10.0,0.7999999999999998,0,0,Not hot day,79.25,0.0,1027.09375,0.0,3,0
2020-03-18,Parramatta,26.8,12.1,14.700000000000001,2020-03-18 18:00:00,2020-03-19 04:00:00,25.6,15.0,10.0,10.0,1.06,1,0,Low risk,70.9375,5.4625,1024.6,0.0,3,0
2020-03-19,Parramatta,32.7,14.7,18.000000000000004,2020-03-19 18:00:00,2020-03-20 04:00:00,32.0,18.0,10.0,10.0,1.4,1,0,Low risk,63.1875,4.7875,1020.45,0.0,3,0
2020-03-20,Parramatta,35.2,17.3,17.900000000000002,2020-03-20 18:00:00,2020-03-21 04:00:00,34.3,17.0,10.0,10.0,1.7299999999999998,1,0,Low risk,56.75,8.33125,1014.0875,0.0,3,0
2020-03-21,Parramatta,25.3,15.8,9.5,2020-03-21 18:00:00,2020-03-22 04:00:00,21.7,18.1,10.0,10.0,0.35999999999999976,0,0,Not hot day,72.25,11.9625,1018.90625,0.0,3,0
2020-03-22,Parramatta,29.5,16.9,12.600000000000001,2020-03-22 18:00:00,2020-03-23 03:00:00,23.4,18.3,9.0,10.0,0.5666666666666664,1,1,High risk,66.0625,10.4,1018.7375,0.0,3,0
2020-03-23,Parramatta,22.2,17.1,5.099999999999998,2020-03-23 18:00:00,2020-03-24 04:00:00,20.3,15.3,10.0,10.0,0.5,0,0,Not hot day,65.4375,16.59375,1024.51875,0.0,3,0
2020-03-24,Parramatta,21.8,15.1,6.700000000000001,2020-03-24 18:00:00,2020-03-25 04:00:00,21.7,17.7,10.0,10.0,0.4,0,0,Not hot day,77.1875,6.975,1023.2,0.0,3,0
2020-03-25,Parramatta,24.2,16.4,7.800000000000001,2020-03-25 18:00:00,2020-03-26 03:00:00,19.6,17.4,9.0,10.0,0.24444444444444477,0,0,Not hot day,79.375,6.7125,1019.4625,0.0,3,0
2020-03-26,Parramatta,20.9,16.8,4.099999999999998,2020-03-26 18:00:00,2020-03-27 00:00:00,20.1,16.0,6.0,10.0,0.6833333333333336,0,0,Not hot day,75.375,15.9,1024.625,0.0,3,0
2020-03-27,Parramatta,22.4,16.0,6.399999999999999,2020-03-27 18:00:00,2020-03-28 00:00:00,20.9,14.5,6.0,10.0,1.0666666666666664,0,0,Not hot day,73.875,9.4875,1026.125,0.0,3,0
2020-03-28,Parramatta,23.2,14.5,8.7,2020-03-28 18:00:00,2020-03-29 03:00:00,21.7,17.5,9.0,10.0,0.46666666666666656,0,0,Not hot day,75.25,6.925,1024.20625,0.0,3,0
2020-03-29,Parramatta,24.8,17.5,7.300000000000001,2020-03-29 18:00:00,2020-03-30 03:00:00,23.4,18.6,9.0,10.0,0.533333333333333,0,0,Not hot day,81.375,7.5375000000000005,1019.1125,0.0,3,0
2020-03-30,Parramatta,25.2,18.6,6.599999999999998,2020-03-30 18:00:00,2020-03-31 04:00:00,24.8,15.8,10.0,10.0,0.9,0,0,Not hot day,81.1875,6.1625,1013.45625,0.0,3,0
2020-03-31,Parramatta,26.5,15.0,11.5,2020-03-31 18:00:00,2020-04-01 04:00:00,23.4,18.4,10.0,10.0,0.5,1,1,High risk,79.0,9.08125,1015.725,0.0,3,0
2020-04-01,Parramatta,23.3,18.0,5.300000000000001,2020-04-01 18:00:00,2020-04-02 04:00:00,23.3,17.7,10.0,10.0,0.5600000000000002,0,0,Not hot day,89.0,5.59375,1018.5875,0.0,4,0
2020-04-02,Parramatta,23.9,16.4,7.5,2020-04-02 18:00:00,2020-04-03 04:00:00,21.0,17.1,10.0,10.0,0.38999999999999985,0,0,Not hot day,87.8125,4.9,1013.5875,0.0,4,0
2020-04-03,Parramatta,25.5,16.4,9.100000000000001,2020-04-03 18:00:00,2020-04-03 19:00:00,21.2,20.3,1.0,10.0,0.8999999999999986,0,0,Not hot day,84.625,6.35,1007.825,0.0,4,0
2020-04-04,Parramatta,25.8,18.4,7.400000000000002,2020-04-04 18:00:00,2020-04-05 05:00:00,22.3,10.1,11.0,11.0,1.1090909090909091,1,0,Low risk,58.4375,19.75,1001.03125,0.0,4,0
2020-04-05,Parramatta,24.4,10.1,14.299999999999999,2020-04-05 18:00:00,2020-04-06 05:00:00,20.5,12.1,11.0,11.0,0.7636363636363637,0,0,Not hot day,53.470588235294116,9.5,1012.6588235294118,0.0,4,0
2020-04-06,Parramatta,23.2,11.0,12.2,2020-04-06 18:00:00,2020-04-07 05:00:00,18.0,15.5,11.0,11.0,0.22727272727272727,0,0,Not hot day,65.3125,9.85625,1017.8625,0.0,4,0
2020-04-07,Parramatta,20.9,14.8,6.099999999999998,2020-04-07 18:00:00,2020-04-08 05:00:00,18.0,14.5,11.0,11.0,0.3181818181818182,0,0,Not hot day,71.5625,10.3375,1021.425,0.0,4,0
2020-04-08,Parramatta,19.0,14.5,4.5,2020-04-08 18:00:00,2020-04-09 05:00:00,17.9,15.7,11.0,11.0,0.19999999999999993,0,0,Not hot day,82.25,8.2375,1022.375,0.0,4,0
2020-04-09,Parramatta,22.4,15.4,6.999999999999998,2020-04-09 18:00:00,2020-04-09 23:00:00,19.3,15.4,5.0,11.0,0.78,0,0,Not hot day,77.8,7.946666666666667,1025.46,0.0,4,0
2020-04-10,Parramatta,22.5,13.9,8.6,2020-04-10 18:00:00,2020-04-11 03:00:00,15.2,11.5,9.0,11.0,0.41111111111111104,0,0,Not hot day,88.1875,7.4437500000000005,1016.8875,0.0,4,0
2020-04-11,Parramatta,26.2,11.5,14.7,2020-04-11 18:00:00,2020-04-12 05:00:00,20.2,11.9,11.0,11.0,0.7545454545454544,1,0,Moderate risk,57.875,15.98125,1005.35,0.0,4,0
2020-04-12,Parramatta,21.7,11.4,10.299999999999999,2020-04-12 18:00:00,2020-04-13 05:00:00,17.0,8.9,11.0,11.0,0.7363636363636363,0,0,Not hot day,52.5,9.2125,1015.275,0.0,4,0
2020-04-13,Parramatta,22.6,8.5,14.100000000000001,2020-04-13 18:00:00,2020-04-14 05:00:00,18.8,10.7,11.0,11.0,0.7363636363636364,0,0,Not hot day,72.0625,4.5125,1020.5375,0.0,4,0
2020-04-14,Parramatta,26.8,10.4,16.4,2020-04-14 18:00:00,2020-04-15 05:00:00,20.8,13.1,11.0,11.0,0.7000000000000001,1,0,Moderate risk,72.5,0.0,1023.225,0.0,4,0
2020-04-15,Parramatta,29.4,12.9,16.5,2020-04-15 18:00:00,2020-04-16 05:00:00,23.4,15.2,11.0,11.0,0.7454545454545454,1,0,Moderate risk,71.0,1.0625,1020.60625,0.0,4,0
2020-04-16,Parramatta,25.9,15.2,10.7,2020-04-16 18:00:00,2020-04-17 05:00:00,24.7,15.2,11.0,11.0,0.8636363636363636,1,0,Low risk,65.625,6.975,1011.73125,0.0,4,0
2020-04-17,Parramatta,26.9,15.1,11.799999999999999,2020-04-17 18:00:00,2020-04-18 05:00:00,22.2,9.6,11.0,11.0,1.1454545454545455,1,0,Low risk,44.8125,11.50625,1010.2625,0.0,4,0
2020-04-18,Parramatta,23.3,9.6,13.700000000000001,2020-04-18 18:00:00,2020-04-19 05:00:00,18.4,10.0,11.0,11.0,0.7636363636363636,0,0,Not hot day,58.1875,8.9625,1012.48125,0.0,4,0
2020-04-19,Parramatta,21.4,10.0,11.399999999999999,2020-04-19 18:00:00,2020-04-20 03:00:00,17.7,11.7,9.0,11.0,0.6666666666666666,0,0,Not hot day,76.375,6.71875,1013.85,0.0,4,0
2020-04-20,Parramatta,19.8,11.7,8.100000000000001,2020-04-20 18:00:00,2020-04-21 05:00:00,16.2,11.0,11.0,11.0,0.47272727272727266,0,0,Not hot day,78.8125,3.1624999999999996,1014.725,0.0,4,0
2020-04-21,Parramatta,25.9,10.3,15.599999999999998,2020-04-21 18:00:00,2020-04-22 05:00:00,21.1,11.2,11.0,11.0,0.9000000000000002,1,0,Low risk,68.0625,4.5375,1016.66875,0.0,4,0
2020-04-22,Parramatta,25.3,10.5,14.8,2020-04-22 18:00:00,2020-04-23 03:00:00,20.2,10.0,9.0,11.0,1.1333333333333333,0,0,Not hot day,67.4375,4.875,1017.5625,0.0,4,0
2020-04-23,Parramatta,24.5,10.0,14.5,2020-04-23 18:00:00,2020-04-24 02:00:00,21.0,14.2,8.0,11.0,0.8500000000000001,0,0,Not hot day,64.375,5.575,1018.5875,0.0,4,0
2020-04-24,Parramatta,27.6,14.1,13.500000000000002,2020-04-24 18:00:00,2020-04-25 05:00:00,20.7,11.1,11.0,11.0,0.8727272727272727,1,0,Low risk,64.4375,5.55,1017.075,0.0,4,0
2020-04-25,Parramatta,27.5,11.1,16.4,2020-04-25 18:00:00,2020-04-26 05:00:00,22.4,11.5,11.0,11.0,0.9909090909090907,1,0,Low risk,67.6,6.833333333333333,1019.3333333333334,0.0,4,0
2020-04-26,Parramatta,26.9,10.0,16.9,2020-04-26 18:00:00,2020-04-27 05:00:00,23.1,11.7,11.0,11.0,1.0363636363636366,1,0,Low risk,65.0,7.5375,1015.1625,0.0,4,0
2020-04-27,Parramatta,20.8,11.7,9.100000000000001,2020-04-27 18:00:00,2020-04-28 05:00:00,18.6,16.9,11.0,11.0,0.1545454545454548,0,0,Not hot day,79.9375,3.95,1023.08125,0.0,4,0
2020-04-28,Parramatta,22.7,16.5,6.199999999999999,2020-04-28 18:00:00,2020-04-29 00:00:00,19.9,16.9,6.0,11.0,0.5,0,0,Not hot day,78.8125,4.9875,1022.70625,0.0,4,0
2020-04-29,Parramatta,26.7,16.2,10.5,2020-04-29 18:00:00,2020-04-30 05:00:00,22.9,15.9,11.0,11.0,0.6363636363636362,1,0,Moderate risk,75.125,7.0375000000000005,1014.3375,0.0,4,0
2020-04-30,Parramatta,17.4,10.8,6.599999999999998,2020-04-30 18:00:00,2020-05-01 05:00:00,11.9,9.7,11.0,11.0,0.2000000000000001,0,0,Not hot day,89.6875,5.2125,1007.30625,0.0,4,0
2020-05-01,Parramatta,16.6,9.7,6.900000000000002,2020-05-01 18:00:00,2020-05-02 03:00:00,14.0,12.8,9.0,11.0,0.13333333333333325,0,0,Not hot day,52.125,17.25625,1007.3,0.0,5,0
2020-05-02,Parramatta,18.1,12.4,5.700000000000001,2020-05-02 18:00:00,2020-05-03 05:00:00,14.2,10.6,11.0,11.0,0.3272727272727272,0,0,Not hot day,44.3125,21.1,1005.25625,0.0,5,0
2020-05-03,Parramatta,19.4,8.2,11.2,2020-05-03 18:00:00,2020-05-04 05:00:00,13.4,7.6,11.0,11.0,0.5272727272727273,0,0,Not hot day,56.75,9.525,1017.01875,0.0,5,0
2020-05-04,Parramatta,18.8,7.1,11.700000000000001,2020-05-04 18:00:00,2020-05-05 00:00:00,14.7,11.3,6.0,11.0,0.5666666666666664,0,0,Not hot day,66.9375,9.4125,1025.525,0.0,5,0
2020-05-05,Parramatta,20.2,10.8,9.399999999999999,2020-05-05 18:00:00,2020-05-06 05:00:00,15.6,8.3,11.0,11.0,0.6636363636363636,0,0,Not hot day,74.0625,8.9375,1029.56875,0.0,5,0
2020-05-06,Parramatta,22.9,8.1,14.799999999999999,2020-05-06 18:00:00,2020-05-07 05:00:00,17.6,7.6,11.0,11.0,0.9090909090909093,0,0,Not hot day,75.6875,3.95,1027.3625,0.0,5,0
2020-05-07,Parramatta,23.8,7.2,16.6,2020-05-07 18:00:00,2020-05-08 05:00:00,20.8,12.0,11.0,11.0,0.8,0,0,Not hot day,72.6875,5.9375,1020.95,0.0,5,0
2020-05-08,Parramatta,27.0,10.7,16.3,2020-05-08 18:00:00,2020-05-09 05:00:00,21.2,9.9,11.0,11.0,1.0272727272727271,1,0,Low risk,63.5625,6.3,1017.06875,0.0,5,0
2020-05-09,Parramatta,25.5,9.9,15.6,2020-05-09 18:00:00,2020-05-10 05:00:00,21.7,9.5,11.0,11.0,1.1090909090909091,0,0,Not hot day,60.9375,10.48125,1012.2875,0.0,5,0
2020-05-10,Parramatta,17.6,9.2,8.400000000000002,2020-05-10 18:00:00,2020-05-11 05:00:00,11.8,6.5,11.0,11.0,0.48181818181818187,0,0,Not hot day,45.9375,12.425,1020.21875,0.0,5,0
2020-05-11,Parramatta,18.7,6.5,12.2,2020-05-11 18:00:00,2020-05-12 05:00:00,12.7,5.2,11.0,11.0,0.6818181818181818,0,0,Not hot day,58.75,8.5625,1026.6125,0.0,5,0
2020-05-12,Parramatta,19.8,5.2,14.600000000000001,2020-05-12 18:00:00,2020-05-13 05:00:00,16.2,6.6,11.0,11.0,0.8727272727272727,0,0,Not hot day,71.0625,5.9375,1025.6875,0.0,5,0
2020-05-13,Parramatta,18.3,6.6,11.700000000000001,2020-05-13 18:00:00,2020-05-14 03:00:00,12.9,8.2,9.0,11.0,0.5222222222222224,0,0,Not hot day,75.0625,2.6875,1023.1625,0.0,5,0
2020-05-14,Parramatta,17.0,8.2,8.8,2020-05-14 18:00:00,2020-05-15 05:00:00,14.2,8.7,11.0,11.0,0.5,0,0,Not hot day,72.625,12.6875,1026.83125,0.0,5,0
2020-05-15,Parramatta,16.8,7.8,9.0,2020-05-15 18:00:00,2020-05-16 05:00:00,13.4,11.2,11.0,11.0,0.2000000000000001,0,0,Not hot day,77.1875,11.856250000000001,1029.34375,0.0,5,0
2020-05-16,Parramatta,19.7,9.4,10.299999999999999,2020-05-16 18:00:00,2020-05-17 05:00:00,13.7,7.3,11.0,11.0,0.5818181818181818,0,0,Not hot day,82.3125,4.5375,1030.51875,0.0,5,0
2020-05-17,Parramatta,20.1,7.2,12.900000000000002,2020-05-17 18:00:00,2020-05-18 02:00:00,15.4,9.2,8.0,11.0,0.7750000000000001,0,0,Not hot day,81.3125,4.875,1030.78125,0.0,5,0
2020-05-18,Parramatta,18.9,9.2,9.7,2020-05-18 18:00:00,2020-05-19 00:00:00,16.1,14.2,6.0,11.0,0.31666666666666704,0,0,Not hot day,87.875,3.05,1031.925,0.0,5,0
2020-05-19,Parramatta,21.4,12.5,8.899999999999999,2020-05-19 18:00:00,2020-05-20 05:00:00,17.4,9.3,11.0,11.0,0.7363636363636362,0,0,Not hot day,81.3125,6.3,1027.7125,0.0,5,0
2020-05-20,Parramatta,23.8,9.3,14.5,2020-05-20 18:00:00,2020-05-21 05:00:00,19.6,14.8,11.0,11.0,0.43636363636363645,0,0,Not hot day,73.0,6.525,1018.1,0.0,5,0
2020-05-21,Parramatta,18.9,10.3,8.599999999999998,2020-05-21 18:00:00,2020-05-22 02:00:00,15.4,9.1,8.0,11.0,0.7875000000000001,0,0,Not hot day,84.3125,7.58125,1012.4375,0.0,5,0
2020-05-22,Parramatta,15.8,9.1,6.700000000000001,2020-05-22 18:00:00,2020-05-23 00:00:00,15.4,11.8,6.0,11.0,0.6,0,0,Not hot day,68.9375,17.6875,1009.8875,0.0,5,0
2020-05-23,Parramatta,17.5,11.8,5.699999999999999,2020-05-23 18:00:00,2020-05-24 05:00:00,14.0,13.5,11.0,11.0,0.045454545454545456,0,0,Not hot day,65.3125,13.2625,1007.68125,0.0,5,0
2020-05-24,Parramatta,18.5,12.7,5.800000000000001,2020-05-24 18:00:00,2020-05-25 03:00:00,15.6,11.9,9.0,11.0,0.41111111111111104,0,0,Not hot day,58.8125,16.1125,1012.29375,0.0,5,0
2020-05-25,Parramatta,16.9,11.9,4.999999999999998,2020-05-25 18:00:00,2020-05-26 03:00:00,15.1,13.3,9.0,11.0,0.19999999999999987,0,0,Not hot day,71.5625,15.34375,1017.6125,0.0,5,0
2020-05-26,Parramatta,18.5,13.3,5.199999999999999,2020-05-26 18:00:00,2020-05-27 05:00:00,15.3,11.5,11.0,11.0,0.3454545454545455,0,0,Not hot day,80.625,13.0375,1022.10625,0.0,5,0
2020-05-27,Parramatta,19.3,10.7,8.600000000000001,2020-05-27 18:00:00,2020-05-28 05:00:00,15.4,9.5,11.0,11.0,0.5363636363636364,0,0,Not hot day,82.0625,6.6625,1021.60625,0.0,5,0
2020-05-28,Parramatta,21.7,9.4,12.299999999999999,2020-05-28 18:00:00,2020-05-29 02:00:00,15.8,10.6,8.0,11.0,0.6500000000000001,0,0,Not hot day,80.125,4.9,1021.0125,0.0,5,0
2020-05-29,Parramatta,17.4,10.6,6.799999999999999,2020-05-29 18:00:00,2020-05-30 05:00:00,14.6,8.2,11.0,11.0,0.5818181818181819,0,0,Not hot day,85.25,3.25,1026.4375,0.0,5,0
2020-05-30,Parramatta,19.8,7.9,11.9,2020-05-30 18:00:00,2020-05-31 03:00:00,16.3,9.0,9.0,11.0,0.8111111111111112,0,0,Not hot day,83.375,5.0125,1025.5,0.0,5,0
2020-05-31,Parramatta,21.1,9.0,12.100000000000001,2020-05-31 18:00:00,2020-06-01 05:00:00,14.4,9.4,11.0,11.0,0.45454545454545453,0,0,Not hot day,83.1875,2.4375,1017.775,0.0,5,0
2020-06-01,Parramatta,22.2,9.1,13.1,2020-06-01 18:00:00,2020-06-02 03:00:00,15.8,7.4,9.0,11.0,0.9333333333333333,0,0,Not hot day,66.6875,9.9125,1009.8875,0.0,6,0
2020-06-02,Parramatta,15.8,7.4,8.4,2020-06-02 18:00:00,2020-06-03 03:00:00,11.9,6.7,9.0,11.0,0.5777777777777778,0,0,Not hot day,60.125,15.45625,1014.85625,0.0,6,0
2020-06-03,Parramatta,18.7,6.7,12.0,2020-06-03 18:00:00,2020-06-04 05:00:00,13.4,9.2,11.0,11.0,0.3818181818181819,0,0,Not hot day,59.3125,14.2875,1022.8375,0.0,6,0
2020-06-04,Parramatta,16.3,7.8,8.5,2020-06-04 18:00:00,2020-06-05 05:00:00,11.0,4.5,11.0,11.0,0.5909090909090909,0,0,Not hot day,64.8,9.44,1031.38,0.0,6,0
2020-06-05,Parramatta,18.5,4.3,14.2,2020-06-05 18:00:00,2020-06-06 02:00:00,11.2,4.4,8.0,11.0,0.8499999999999999,0,0,Not hot day,74.93333333333334,4.6,1028.1866666666667,0.0,6,0
2020-06-06,Parramatta,18.0,4.4,13.6,2020-06-06 18:00:00,2020-06-07 05:00:00,12.5,5.8,11.0,11.0,0.6090909090909091,0,0,Not hot day,76.875,3.6125,1024.36875,0.0,6,0
2020-06-07,Parramatta,16.1,5.8,10.3,2020-06-07 18:00:00,2020-06-08 05:00:00,12.7,10.0,11.0,11.0,0.2454545454545454,0,0,Not hot day,86.1875,6.6125,1023.19375,0.0,6,0
2020-06-08,Parramatta,17.9,8.8,9.099999999999998,2020-06-08 18:00:00,2020-06-09 05:00:00,14.4,9.8,11.0,11.0,0.41818181818181815,0,0,Not hot day,77.375,9.8375,1028.10625,0.0,6,0
2020-06-09,Parramatta,18.8,9.0,9.8,2020-06-09 18:00:00,2020-06-10 00:00:00,14.2,11.5,6.0,11.0,0.4499999999999999,0,0,Not hot day,85.8125,4.7375,1031.8875,0.0,6,0
2020-06-10,Parramatta,16.5,11.5,5.0,2020-06-10 18:00:00,2020-06-11 03:00:00,15.8,13.1,9.0,11.0,0.3000000000000001,0,0,Not hot day,94.0625,2.6625,1027.93125,0.0,6,0
2020-06-11,Parramatta,19.5,11.3,8.2,2020-06-11 18:00:00,2020-06-12 02:00:00,15.9,10.0,8.0,11.0,0.7375,0,0,Not hot day,82.625,10.012500000000001,1023.6375,0.0,6,0
2020-06-12,Parramatta,16.9,10.0,6.899999999999999,2020-06-12 18:00:00,2020-06-13 05:00:00,13.9,10.6,11.0,11.0,0.30000000000000004,0,0,Not hot day,90.0625,4.5625,1024.98125,0.0,6,0
2020-06-13,Parramatta,19.7,9.5,10.2,2020-06-13 18:00:00,2020-06-14 03:00:00,16.6,12.3,9.0,11.0,0.47777777777777786,0,0,Not hot day,88.625,3.1375,1020.89375,0.0,6,0
2020-06-14,Parramatta,20.7,8.7,12.0,2020-06-14 18:00:00,2020-06-15 05:00:00,14.6,7.9,11.0,11.0,0.609090909090909,0,0,Not hot day,73.5,7.0,1015.5375,0.0,6,0
2020-06-15,Parramatta,20.3,7.7,12.600000000000001,2020-06-15 18:00:00,2020-06-16 05:00:00,15.6,6.0,11.0,11.0,0.8727272727272727,0,0,Not hot day,65.3125,9.2375,1022.33125,0.0,6,0
2020-06-16,Parramatta,20.8,5.8,15.0,2020-06-16 18:00:00,2020-06-17 03:00:00,15.7,6.7,9.0,11.0,1.0,0,0,Not hot day,72.25,5.4375,1023.5375,0.0,6,0
2020-06-17,Parramatta,16.1,6.7,9.400000000000002,2020-06-17 18:00:00,2020-06-18 05:00:00,13.3,11.3,11.0,11.0,0.18181818181818182,0,0,Not hot day,84.5625,8.75625,1031.8625,0.0,6,0
2020-06-18,Parramatta,18.3,8.4,9.9,2020-06-18 18:00:00,2020-06-19 05:00:00,13.8,5.6,11.0,11.0,0.7454545454545456,0,0,Not hot day,74.625,5.03125,1036.19375,0.0,6,0
2020-06-19,Parramatta,19.3,5.4,13.9,2020-06-19 18:00:00,2020-06-20 05:00:00,15.6,6.6,11.0,11.0,0.8181818181818182,0,0,Not hot day,83.4375,3.6125,1030.2375,0.0,6,0
2020-06-20,Parramatta,20.2,6.6,13.6,2020-06-20 18:00:00,2020-06-21 00:00:00,16.9,9.8,6.0,11.0,1.183333333333333,0,0,Not hot day,83.3125,5.375,1022.3,0.0,6,0
2020-06-21,Parramatta,18.1,9.8,8.3,2020-06-21 18:00:00,2020-06-22 05:00:00,13.1,5.0,11.0,11.0,0.7363636363636363,0,0,Not hot day,84.375,4.3375,1012.21875,0.0,6,0
2020-06-22,Parramatta,15.4,5.0,10.4,2020-06-22 18:00:00,2020-06-23 05:00:00,12.3,5.5,11.0,11.0,0.6181818181818183,0,0,Not hot day,69.3125,7.9875,1010.075,0.0,6,0
2020-06-23,Parramatta,16.1,5.1,11.000000000000002,2020-06-23 18:00:00,2020-06-24 05:00:00,13.0,4.6,11.0,11.0,0.7636363636363637,0,0,Not hot day,65.75,10.98125,1012.04375,0.0,6,0
2020-06-24,Parramatta,18.4,4.6,13.799999999999999,2020-06-24 18:00:00,2020-06-25 05:00:00,13.9,8.4,11.0,11.0,0.5,0,0,Not hot day,72.1875,8.05625,1014.525,0.0,6,0
2020-06-25,Parramatta,18.1,7.9,10.200000000000001,2020-06-25 18:00:00,2020-06-26 02:00:00,13.7,5.6,8.0,11.0,1.0125,0,0,Not hot day,69.0,8.9625,1019.25,0.0,6,0
2020-06-26,Parramatta,18.2,5.6,12.6,2020-06-26 18:00:00,2020-06-27 03:00:00,12.4,8.1,9.0,11.0,0.47777777777777786,0,0,Not hot day,70.25,6.1875,1023.30625,0.0,6,0
2020-06-27,Parramatta,16.2,7.8,8.399999999999999,2020-06-27 18:00:00,2020-06-28 05:00:00,11.2,9.0,11.0,11.0,0.19999999999999993,0,0,Not hot day,75.125,5.6,1027.09375,0.0,6,0
2020-06-28,Parramatta,16.0,8.3,7.699999999999999,2020-06-28 18:00:00,2020-06-29 02:00:00,13.6,9.7,8.0,11.0,0.48750000000000004,0,0,Not hot day,70.0625,8.5125,1027.6375,0.0,6,0
2020-06-29,Parramatta,16.1,8.1,8.000000000000002,2020-06-29 18:00:00,2020-06-30 05:00:00,12.7,5.5,11.0,11.0,0.6545454545454544,0,0,Not hot day,86.625,5.45625,1027.25,0.0,6,0
2020-06-30,Parramatta,18.0,5.5,12.5,2020-06-30 18:00:00,2020-07-01 05:00:00,12.7,4.6,11.0,11.0,0.7363636363636363,0,0,Not hot day,84.0625,3.275,1024.5125,0.0,6,0
2020-07-01,Parramatta,21.2,4.3,16.9,2020-07-01 18:00:00,2020-07-02 05:00:00,15.6,5.2,11.0,11.0,0.9454545454545453,0,0,Not hot day,74.125,3.8625,1020.125,0.0,7,0
2020-07-02,Parramatta,22.8,5.2,17.6,2020-07-02 18:00:00,2020-07-03 05:00:00,18.7,10.5,11.0,11.0,0.7454545454545454,0,0,Not hot day,72.125,4.175,1015.6625,0.0,7,0
2020-07-03,Parramatta,17.7,7.0,10.7,2020-07-03 18:00:00,2020-07-04 00:00:00,13.7,6.1,6.0,11.0,1.2666666666666666,0,0,Not hot day,56.8125,10.1125,1018.9875,0.0,7,0
2020-07-04,Parramatta,16.0,6.1,9.9,2020-07-04 18:00:00,2020-07-05 05:00:00,12.8,6.5,11.0,11.0,0.5727272727272728,0,0,Not hot day,59.9375,10.58125,1019.2,0.0,7,0
2020-07-05,Parramatta,17.9,6.5,11.399999999999999,2020-07-05 18:00:00,2020-07-05 21:00:00,13.0,7.8,3.0,11.0,1.7333333333333334,0,0,Not hot day,63.8125,7.3125,1021.98125,0.0,7,0
2020-07-06,Parramatta,18.4,6.5,11.899999999999999,2020-07-06 18:00:00,2020-07-06 23:00:00,13.6,7.9,5.0,11.0,1.14,0,0,Not hot day,70.8125,6.325,1027.14375,0.0,7,0
2020-07-07,Parramatta,16.0,9.0,7.0,2020-07-07 18:00:00,2020-07-08 03:00:00,14.6,11.0,9.0,11.0,0.39999999999999997,0,0,Not hot day,72.8125,7.5875,1029.51875,0.0,7,0
2020-07-08,Parramatta,15.5,8.3,7.199999999999999,2020-07-08 18:00:00,2020-07-09 05:00:00,14.0,5.8,11.0,11.0,0.7454545454545454,0,0,Not hot day,81.5,3.3625,1030.2375,0.0,7,0
2020-07-09,Parramatta,18.4,5.0,13.399999999999999,2020-07-09 18:00:00,2020-07-10 05:00:00,14.7,8.4,11.0,11.0,0.5727272727272726,0,0,Not hot day,82.875,4.65,1029.45,0.0,7,0
2020-07-10,Parramatta,16.5,7.7,8.8,2020-07-10 18:00:00,2020-07-11 05:00:00,14.6,11.6,11.0,11.0,0.2727272727272727,0,0,Not hot day,87.0625,3.275,1025.40625,0.0,7,0
2020-07-11,Parramatta,15.0,10.0,5.0,2020-07-11 18:00:00,2020-07-12 05:00:00,13.5,6.9,11.0,11.0,0.6,0,0,Not hot day,93.9375,2.6875,1016.95,0.0,7,0
2020-07-12,Parramatta,17.7,6.0,11.7,2020-07-12 18:00:00,2020-07-13 05:00:00,11.3,6.9,11.0,11.0,0.4,0,0,Not hot day,90.8125,4.89375,1015.79375,0.0,7,0
2020-07-13,Parramatta,17.0,6.3,10.7,2020-07-13 18:00:00,2020-07-13 23:00:00,12.9,10.1,5.0,11.0,0.5600000000000002,0,0,Not hot day,81.625,5.7375,1017.625,0.0,7,0
2020-07-14,Parramatta,15.6,11.0,4.6,2020-07-14 18:00:00,2020-07-15 05:00:00,12.5,11.8,11.0,11.0,0.06363636363636357,0,0,Not hot day,78.0625,18.025,1017.40625,0.0,7,0
2020-07-15,Parramatta,15.8,8.5,7.300000000000001,2020-07-15 18:00:00,2020-07-16 00:00:00,13.4,7.7,6.0,11.0,0.9500000000000001,0,0,Not hot day,66.3125,14.31875,1017.7875,0.0,7,0
2020-07-16,Parramatta,17.1,7.7,9.400000000000002,2020-07-16 18:00:00,2020-07-17 05:00:00,13.5,10.3,11.0,11.0,0.29090909090909084,0,0,Not hot day,61.0625,13.59375,1017.28125,0.0,7,0
2020-07-17,Parramatta,16.4,9.8,6.599999999999998,2020-07-17 18:00:00,2020-07-18 03:00:00,14.1,10.3,9.0,11.0,0.4222222222222221,0,0,Not hot day,68.375,11.1875,1020.2625,0.0,7,0
2020-07-18,Parramatta,17.5,8.2,9.3,2020-07-18 18:00:00,2020-07-19 05:00:00,14.2,4.6,11.0,11.0,0.8727272727272727,0,0,Not hot day,70.0625,6.6,1020.8375,0.0,7,0
2020-07-19,Parramatta,18.8,4.5,14.3,2020-07-19 18:00:00,2020-07-20 05:00:00,17.4,5.0,11.0,11.0,1.1272727272727272,0,0,Not hot day,69.5625,5.4875,1015.975,0.0,7,0
2020-07-20,Parramatta,17.8,5.0,12.8,2020-07-20 18:00:00,2020-07-21 05:00:00,13.7,6.8,11.0,11.0,0.6272727272727272,0,0,Not hot day,48.875,11.725,1018.14375,0.0,7,0
2020-07-21,Parramatta,16.6,6.4,10.200000000000001,2020-07-21 18:00:00,2020-07-22 05:00:00,11.1,5.3,11.0,11.0,0.5272727272727272,0,0,Not hot day,64.05263157894737,8.536842105263156,1026.3315789473684,0.0,7,0
2020-07-22,Parramatta,18.4,4.9,13.499999999999998,2020-07-22 18:00:00,2020-07-23 04:00:00,12.6,4.1,10.0,11.0,0.85,0,0,Not hot day,74.0,4.533333333333333,1026.4666666666667,0.0,7,0
2020-07-23,Parramatta,18.5,4.1,14.4,2020-07-23 18:00:00,2020-07-24 05:00:00,14.2,5.8,11.0,11.0,0.7636363636363636,0,0,Not hot day,78.5,4.425,1025.3791666666666,0.0,7,0
2020-07-24,Parramatta,19.0,5.4,13.6,2020-07-24 18:00:00,2020-07-25 05:00:00,15.1,6.6,11.0,11.0,0.7727272727272727,0,0,Not hot day,81.91666666666667,4.741666666666666,1026.4125000000001,0.0,7,0
2020-07-25,Parramatta,18.4,6.2,12.2,2020-07-25 18:00:00,2020-07-26 05:00:00,14.5,12.2,11.0,11.0,0.20909090909090916,0,0,Not hot day,89.54166666666667,3.25,1024.8,0.0,7,0
2020-07-26,Parramatta,15.8,11.2,4.600000000000001,2020-07-26 18:00:00,2020-07-27 04:00:00,14.8,14.5,10.0,11.0,0.030000000000000072,0,0,Not hot day,97.625,10.420833333333333,1014.7375000000001,0.0,7,0
2020-07-27,Parramatta,16.7,12.7,4.0,2020-07-27 18:00:00,2020-07-27 22:00:00,13.7,12.7,4.0,11.0,0.25,0,0,Not hot day,86.70833333333333,17.8125,999.4416666666666,0.0,7,0
2020-07-28,Parramatta,18.4,13.0,5.399999999999999,2020-07-28 18:00:00,2020-07-29 05:00:00,15.0,8.5,11.0,11.0,0.5909090909090909,0,0,Not hot day,82.95652173913044,11.213043478260868,1008.8869565217392,0.0,7,0
2020-07-29,Parramatta,18.9,7.8,11.099999999999998,2020-07-29 18:00:00,2020-07-30 02:00:00,14.5,8.8,8.0,11.0,0.7124999999999999,0,0,Not hot day,80.66666666666667,6.2,1016.3833333333333,0.0,7,0
2020-07-30,Parramatta,18.3,8.7,9.600000000000001,2020-07-30 18:00:00,2020-07-31 04:00:00,14.7,7.3,10.0,11.0,0.74,0,0,Not hot day,71.45833333333333,11.691666666666668,1023.2208333333333,0.0,7,0
2020-07-31,Parramatta,17.1,6.9,10.200000000000001,2020-07-31 18:00:00,2020-08-01 05:00:00,13.1,4.6,11.0,11.0,0.7727272727272727,0,0,Not hot day,72.0,6.25,1027.5916666666667,0.0,7,0
2020-08-01,Parramatta,19.4,3.8,15.599999999999998,2020-08-01 18:00:00,2020-08-02 05:00:00,14.3,4.4,11.0,11.0,0.9,0,0,Not hot day,78.125,3.1916666666666664,1025.45,0.0,8,0
2020-08-02,Parramatta,19.6,3.5,16.1,2020-08-02 18:00:00,2020-08-03 04:00:00,14.6,5.2,10.0,11.0,0.9399999999999998,0,0,Not hot day,74.125,4.441666666666666,1023.7958333333332,0.0,8,0
2020-08-03,Parramatta,21.1,4.4,16.700000000000003,2020-08-03 18:00:00,2020-08-04 05:00:00,14.9,4.2,11.0,11.0,0.9727272727272727,0,0,Not hot day,74.125,3.283333333333333,1017.85,0.0,8,0
2020-08-04,Parramatta,21.9,3.4,18.5,2020-08-04 18:00:00,2020-08-05 05:00:00,17.0,5.9,11.0,11.0,1.009090909090909,0,0,Not hot day,59.291666666666664,9.283333333333333,1011.525,0.0,8,0
2020-08-05,Parramatta,17.4,4.6,12.799999999999999,2020-08-05 18:00:00,2020-08-06 05:00:00,12.1,4.9,11.0,11.0,0.6545454545454544,0,0,Not hot day,40.5,14.545833333333334,1013.4166666666666,0.0,8,0
2020-08-06,Parramatta,15.9,4.8,11.100000000000001,2020-08-06 18:00:00,2020-08-06 21:00:00,11.6,7.5,3.0,11.0,1.3666666666666665,0,0,Not hot day,53.875,9.854166666666666,1018.75,0.0,8,0
2020-08-07,Parramatta,13.1,7.5,5.6,2020-08-07 18:00:00,2020-08-08 05:00:00,11.5,10.8,11.0,11.0,0.06363636363636357,0,0,Not hot day,86.79166666666667,4.016666666666667,1020.1,0.0,8,0
2020-08-08,Parramatta,16.7,9.8,6.899999999999999,2020-08-08 18:00:00,2020-08-09 05:00:00,13.2,7.9,11.0,11.0,0.4818181818181817,0,0,Not hot day,88.5,6.7749999999999995,1012.9416666666666,0.0,8,0
2020-08-09,Parramatta,13.8,7.7,6.1000000000000005,2020-08-09 18:00:00,2020-08-09 18:00:00,9.4,9.4,0.0,11.0,0.0,0,0,Not hot day,80.125,14.787500000000001,1009.2708333333334,0.0,8,0
2020-08-10,Parramatta,16.2,10.3,5.899999999999999,2020-08-10 18:00:00,2020-08-10 23:00:00,11.5,10.3,5.0,11.0,0.23999999999999985,0,0,Not hot day,78.75,24.116666666666664,1016.3874999999999,0.0,8,0
2020-08-11,Parramatta,17.3,9.3,8.0,2020-08-11 18:00:00,2020-08-12 05:00:00,14.1,8.5,11.0,11.0,0.509090909090909,0,0,Not hot day,73.45833333333333,7.933333333333334,1020.0416666666666,0.0,8,0
2020-08-12,Parramatta,17.2,7.9,9.299999999999999,2020-08-12 18:00:00,2020-08-13 04:00:00,14.3,7.9,10.0,11.0,0.64,0,0,Not hot day,83.95833333333333,2.6666666666666665,1014.9333333333334,0.0,8,0
2020-08-13,Parramatta,22.0,7.4,14.6,2020-08-13 18:00:00,2020-08-14 05:00:00,17.2,7.8,11.0,11.0,0.8545454545454544,0,0,Not hot day,76.0,4.381818181818182,1013.55,0.0,8,0
2020-08-14,Parramatta,17.6,7.4,10.200000000000001,2020-08-14 18:00:00,2020-08-15 05:00:00,14.3,11.9,11.0,11.0,0.21818181818181823,0,0,Not hot day,84.70833333333333,2.316666666666667,1014.1958333333333,0.0,8,0
2020-08-15,Parramatta,18.6,11.3,7.300000000000001,2020-08-15 18:00:00,2020-08-15 23:00:00,15.8,12.6,5.0,11.0,0.6400000000000002,0,0,Not hot day,75.33333333333333,10.220833333333333,1006.9541666666668,0.0,8,0
2020-08-16,Parramatta,19.2,11.7,7.5,2020-08-16 18:00:00,2020-08-17 05:00:00,15.4,10.7,11.0,11.0,0.42727272727272736,0,0,Not hot day,58.625,14.616666666666667,1006.0749999999999,0.0,8,0
2020-08-17,Parramatta,19.4,10.2,9.2,2020-08-17 18:00:00,2020-08-18 00:00:00,16.0,9.9,6.0,11.0,1.0166666666666666,0,0,Not hot day,52.958333333333336,14.6875,1007.5875,0.0,8,0
2020-08-18,Parramatta,20.3,9.9,10.4,2020-08-18 18:00:00,2020-08-19 05:00:00,16.9,7.9,11.0,11.0,0.818181818181818,0,0,Not hot day,60.541666666666664,8.375,1004.4916666666667,0.0,8,0
2020-08-19,Parramatta,20.9,7.0,13.899999999999999,2020-08-19 18:00:00,2020-08-20 04:00:00,11.4,9.6,10.0,11.0,0.18000000000000008,0,0,Not hot day,63.833333333333336,14.395833333333334,996.5541666666667,0.0,8,0
2020-08-20,Parramatta,17.6,9.6,8.000000000000002,2020-08-20 18:00:00,2020-08-21 05:00:00,14.0,6.2,11.0,11.0,0.7090909090909091,0,0,Not hot day,49.041666666666664,15.916666666666666,1001.7375000000001,0.0,8,0
2020-08-21,Parramatta,18.3,6.2,12.100000000000001,2020-08-21 18:00:00,2020-08-22 03:00:00,15.1,9.0,9.0,11.0,0.6777777777777777,0,0,Not hot day,51.291666666666664,13.941666666666668,1005.8708333333334,0.0,8,0
2020-08-22,Parramatta,15.1,8.9,6.199999999999999,2020-08-22 18:00:00,2020-08-23 01:00:00,10.7,8.3,7.0,11.0,0.34285714285714264,0,0,Not hot day,51.333333333333336,16.25,1004.5500000000001,0.0,8,0
2020-08-23,Parramatta,16.5,8.3,8.2,2020-08-23 18:00:00,2020-08-24 05:00:00,13.1,8.7,11.0,11.0,0.4,0,0,Not hot day,46.25,19.395833333333332,1007.6541666666667,0.0,8,0
2020-08-24,Parramatta,17.6,7.4,10.200000000000001,2020-08-24 18:00:00,2020-08-25 05:00:00,12.9,2.7,11.0,11.0,0.9272727272727272,0,0,Not hot day,48.125,11.612499999999999,1018.7291666666666,0.0,8,0
2020-08-25,Parramatta,15.5,2.7,12.8,2020-08-25 18:00:00,2020-08-26 05:00:00,11.6,3.4,11.0,11.0,0.7454545454545454,0,0,Not hot day,67.25,6.045833333333333,1026.5125,0.0,8,0
2020-08-26,Parramatta,18.6,3.4,15.200000000000001,2020-08-26 18:00:00,2020-08-27 05:00:00,14.6,3.4,11.0,11.0,1.018181818181818,0,0,Not hot day,67.54545454545455,5.25,1028.3272727272727,0.0,8,0
2020-08-27,Parramatta,21.5,3.3,18.2,2020-08-27 18:00:00,2020-08-28 04:00:00,15.2,8.9,10.0,11.0,0.6299999999999999,0,0,Not hot day,57.833333333333336,6.516666666666667,1023.8125,0.0,8,0
2020-08-28,Parramatta,18.6,7.2,11.400000000000002,2020-08-28 18:00:00,2020-08-29 05:00:00,14.4,3.9,11.0,11.0,0.9545454545454546,0,0,Not hot day,46.916666666666664,8.725,1023.9333333333334,0.0,8,0
2020-08-29,Parramatta,22.4,3.9,18.5,2020-08-29 18:00:00,2020-08-30 05:00:00,17.0,4.4,11.0,11.0,1.1454545454545455,0,0,Not hot day,63.541666666666664,5.658333333333334,1028.6708333333333,0.0,8,0
2020-08-30,Parramatta,26.0,4.4,21.6,2020-08-30 18:00:00,2020-08-30 23:00:00,22.0,12.6,5.0,11.0,1.8800000000000001,1,0,Low risk,60.208333333333336,6.683333333333334,1022.2208333333333,0.0,8,0
2020-08-31,Parramatta,21.6,10.6,11.000000000000002,2020-08-31 18:00:00,2020-09-01 05:00:00,14.7,10.3,11.0,11.0,0.39999999999999986,0,0,Not hot day,57.208333333333336,14.4625,1018.6750000000001,0.0,8,0
2020-09-01,Parramatta,17.9,8.5,9.399999999999999,2020-09-01 18:00:00,2020-09-02 05:00:00,14.4,5.6,11.0,11.0,0.8,0,0,Not hot day,61.208333333333336,8.666666666666666,1023.1875,0.0,9,0
2020-09-02,Parramatta,24.3,5.4,18.9,2020-09-02 18:00:00,2020-09-03 05:00:00,19.9,9.8,11.0,11.0,0.918181818181818,0,0,Not hot day,64.5,4.891666666666667,1019.1625,0.0,9,0
2020-09-03,Parramatta,30.3,9.1,21.200000000000003,2020-09-03 18:00:00,2020-09-04 05:00:00,25.8,14.7,11.0,11.0,1.0090909090909093,1,0,Low risk,47.333333333333336,10.195833333333335,1014.9833333333332,0.0,9,0
2020-09-04,Parramatta,21.3,13.6,7.700000000000001,2020-09-04 18:00:00,2020-09-05 05:00:00,16.4,10.7,11.0,11.0,0.5181818181818181,0,0,Not hot day,76.79166666666667,5.058333333333334,1015.4125,0.0,9,0
2020-09-05,Parramatta,22.2,9.8,12.399999999999999,2020-09-05 18:00:00,2020-09-06 04:00:00,17.3,8.2,10.0,11.0,0.9100000000000001,0,0,Not hot day,67.125,7.395833333333333,1017.5749999999999,0.0,9,0
2020-09-06,Parramatta,18.9,8.2,10.7,2020-09-06 18:00:00,2020-09-07 05:00:00,16.5,8.7,11.0,11.0,0.7090909090909091,0,0,Not hot day,74.82608695652173,5.556521739130434,1027.5521739130436,0.0,9,0
2020-09-07,Parramatta,22.3,8.5,13.8,2020-09-07 18:00:00,2020-09-08 05:00:00,17.9,7.6,11.0,11.0,0.9363636363636363,0,0,Not hot day,70.33333333333333,8.495833333333334,1030.4624999999999,0.0,9,0
2020-09-08,Parramatta,25.3,7.1,18.200000000000003,2020-09-08 18:00:00,2020-09-09 03:00:00,20.2,13.0,9.0,11.0,0.7999999999999999,0,0,Not hot day,71.91666666666667,4.858333333333333,1027.3583333333333,0.0,9,0
2020-09-09,Parramatta,17.0,12.2,4.800000000000001,2020-09-09 18:00:00,2020-09-10 04:00:00,13.0,12.0,10.0,11.0,0.1,0,0,Not hot day,88.16666666666667,11.066666666666668,1027.0333333333333,0.0,9,0
2020-09-10,Parramatta,18.2,10.8,7.399999999999999,2020-09-10 18:00:00,2020-09-11 02:00:00,14.2,9.7,8.0,11.0,0.5625,0,0,Not hot day,71.875,14.15,1028.7333333333333,0.0,9,0
2020-09-11,Parramatta,19.7,9.7,10.0,2020-09-11 18:00:00,2020-09-12 04:00:00,16.3,7.3,10.0,11.0,0.9,0,0,Not hot day,73.54166666666667,6.633333333333334,1030.1499999999999,0.0,9,0
2020-09-12,Parramatta,23.8,7.0,16.8,2020-09-12 18:00:00,2020-09-13 05:00:00,18.9,9.0,11.0,11.0,0.8999999999999999,0,0,Not hot day,72.0,6.345833333333334,1026.2124999999999,0.0,9,0
2020-09-13,Parramatta,25.4,8.8,16.599999999999998,2020-09-13 18:00:00,2020-09-14 05:00:00,19.0,8.7,11.0,11.0,0.9363636363636364,0,0,Not hot day,69.20833333333333,6.333333333333333,1022.4375,0.0,9,0
2020-09-14,Parramatta,22.2,8.4,13.799999999999999,2020-09-14 18:00:00,2020-09-14 23:00:00,16.8,12.4,5.0,11.0,0.8800000000000001,0,0,Not hot day,75.45833333333333,7.112500000000001,1024.3791666666666,0.0,9,0
2020-09-15,Parramatta,23.5,12.7,10.8,2020-09-15 18:00:00,2020-09-16 05:00:00,19.4,10.5,11.0,11.0,0.809090909090909,0,0,Not hot day,74.16666666666667,7.516666666666667,1026.8583333333333,0.0,9,0
2020-09-16,Parramatta,28.1,9.9,18.200000000000003,2020-09-16 18:00:00,2020-09-17 05:00:00,24.2,10.8,11.0,11.0,1.218181818181818,1,0,Low risk,62.458333333333336,6.291666666666667,1021.8833333333333,0.0,9,0
2020-09-17,Parramatta,31.0,10.7,20.3,2020-09-17 18:00:00,2020-09-18 04:00:00,16.8,13.6,10.0,11.0,0.3200000000000001,1,1,Extreme risk,63.875,12.120833333333332,1022.5208333333334,0.0,9,0
2020-09-18,Parramatta,17.8,13.3,4.5,2020-09-18 18:00:00,2020-09-19 03:00:00,16.9,15.2,9.0,11.0,0.1888888888888888,0,0,Not hot day,80.83333333333333,6.733333333333333,1030.5249999999999,0.0,9,0
2020-09-19,Parramatta,22.3,15.2,7.100000000000001,2020-09-19 18:00:00,2020-09-20 05:00:00,19.4,16.5,11.0,11.0,0.2636363636363635,0,0,Not hot day,81.83333333333333,9.4125,1024.3833333333334,0.0,9,0
2020-09-20,Parramatta,21.9,15.8,6.099999999999998,2020-09-20 18:00:00,2020-09-21 05:00:00,19.1,11.9,11.0,11.0,0.6545454545454547,0,0,Not hot day,79.25,9.549999999999999,1014.3458333333333,0.0,9,0
2020-09-21,Parramatta,29.7,11.9,17.799999999999997,2020-09-21 18:00:00,2020-09-22 05:00:00,26.8,17.9,11.0,11.0,0.8090909090909093,1,0,Low risk,68.58333333333333,8.016666666666667,1009.0749999999999,0.0,9,0
2020-09-22,Parramatta,26.4,17.9,8.5,2020-09-22 18:00:00,2020-09-23 05:00:00,22.8,10.9,11.0,11.0,1.0818181818181818,1,0,Low risk,40.041666666666664,15.541666666666666,1009.0291666666667,0.0,9,0
2020-09-23,Parramatta,23.1,10.7,12.400000000000002,2020-09-23 18:00:00,2020-09-24 05:00:00,19.3,8.9,11.0,11.0,0.9454545454545454,0,0,Not hot day,43.916666666666664,10.758333333333333,1011.875,0.0,9,0
2020-09-24,Parramatta,21.4,8.9,12.499999999999998,2020-09-24 18:00:00,2020-09-25 05:00:00,18.1,7.3,11.0,11.0,0.9818181818181819,0,0,Not hot day,46.708333333333336,12.237499999999999,1012.8291666666668,0.0,9,0
2020-09-25,Parramatta,23.1,7.2,15.900000000000002,2020-09-25 18:00:00,2020-09-26 01:00:00,12.3,9.7,7.0,11.0,0.3714285714285716,0,0,Not hot day,55.166666666666664,14.141666666666666,1005.8333333333334,0.0,9,0
2020-09-26,Parramatta,17.4,9.7,7.699999999999999,2020-09-26 18:00:00,2020-09-27 05:00:00,14.3,9.5,11.0,11.0,0.43636363636363645,0,0,Not hot day,42.25,20.033333333333335,1010.4583333333334,0.0,9,0
2020-09-27,Parramatta,17.9,9.5,8.399999999999999,2020-09-27 18:00:00,2020-09-28 05:00:00,13.7,6.6,11.0,11.0,0.6454545454545454,0,0,Not hot day,52.708333333333336,13.229166666666666,1021.6583333333333,0.0,9,0
2020-09-28,Parramatta,19.9,6.3,13.599999999999998,2020-09-28 18:00:00,2020-09-28 23:00:00,16.1,10.3,5.0,11.0,1.1600000000000001,0,0,Not hot day,60.458333333333336,6.825,1026.1708333333333,0.0,9,0
2020-09-29,Parramatta,19.0,10.4,8.6,2020-09-29 18:00:00,2020-09-30 03:00:00,15.9,9.1,9.0,11.0,0.7555555555555556,0,0,Not hot day,66.29166666666667,6.0874999999999995,1025.1791666666666,0.0,9,0
2020-09-30,Parramatta,21.2,9.1,12.1,2020-09-30 18:00:00,2020-10-01 05:00:00,18.1,13.5,11.0,11.0,0.4181818181818183,0,0,Not hot day,68.91666666666667,7.9875,1017.1083333333332,0.0,9,0
2020-10-01,Parramatta,24.9,11.8,13.099999999999998,2020-10-01 18:00:00,2020-10-02 05:00:00,16.9,8.4,11.0,11.0,0.7727272727272726,0,0,Not hot day,68.08695652173913,9.658333333333333,1015.6083333333332,0.0,10,0
2020-10-02,Parramatta,27.9,8.4,19.5,2020-10-02 18:00:00,2020-10-03 04:00:00,22.1,9.8,10.0,11.0,1.23,1,0,Low risk,60.791666666666664,5.5375000000000005,1023.1583333333333,0.0,10,0
2020-10-03,Parramatta,30.0,9.8,20.2,2020-10-03 18:00:00,2020-10-04 05:00:00,23.0,13.1,11.0,11.0,0.9,1,0,Low risk,59.125,7.791666666666667,1023.4625,0.0,10,0
2020-10-04,Parramatta,32.0,12.2,19.8,2020-10-04 18:00:00,2020-10-05 05:00:00,26.9,13.0,11.0,11.0,1.2636363636363634,1,0,Low risk,59.130434782608695,9.469565217391304,1018.8173913043478,0.0,10,0
2020-10-05,Parramatta,33.1,12.3,20.8,2020-10-05 18:00:00,2020-10-06 05:00:00,32.1,16.5,11.0,11.0,1.4181818181818182,1,0,Low risk,52.75,8.387500000000001,1016.0708333333333,0.0,10,0
2020-10-06,Parramatta,20.0,16.3,3.6999999999999993,2020-10-06 18:00:00,2020-10-06 22:00:00,17.9,16.9,4.0,11.0,0.25,0,0,Not hot day,75.66666666666667,13.908333333333333,1021.3208333333333,0.0,10,0
2020-10-07,Parramatta,21.3,17.2,4.100000000000001,2020-10-07 18:00:00,2020-10-08 05:00:00,18.1,15.8,11.0,11.0,0.20909090909090916,0,0,Not hot day,81.91666666666667,6.075,1019.5166666666668,0.0,10,0
2020-10-08,Parramatta,27.6,15.5,12.100000000000001,2020-10-08 18:00:00,2020-10-09 05:00:00,26.5,10.8,11.0,11.0,1.4272727272727272,1,0,Low risk,66.91666666666667,10.904166666666667,1011.3249999999999,0.0,10,0
2020-10-09,Parramatta,23.1,10.1,13.000000000000002,2020-10-09 18:00:00,2020-10-10 05:00:00,21.3,14.0,11.0,11.0,0.6636363636363637,0,0,Not hot day,49.833333333333336,12.366666666666667,1013.8708333333334,0.0,10,0
2020-10-10,Parramatta,26.1,12.0,14.100000000000001,2020-10-10 18:00:00,2020-10-11 05:00:00,23.8,9.8,11.0,11.0,1.2727272727272727,1,0,Low risk,37.875,13.154166666666667,1017.9958333333334,0.0,10,0
2020-10-11,Parramatta,27.7,9.6,18.1,2020-10-11 18:00:00,2020-10-12 03:00:00,24.0,15.8,9.0,11.0,0.911111111111111,1,0,Low risk,54.75,8.3375,1020.1999999999999,0.0,10,0
2020-10-12,Parramatta,24.8,15.5,9.3,2020-10-12 18:00:00,2020-10-13 05:00:00,22.4,12.7,11.0,11.0,0.8818181818181817,0,0,Not hot day,69.75,11.758333333333333,1022.4583333333334,0.0,10,0
2020-10-13,Parramatta,29.6,12.1,17.5,2020-10-13 18:00:00,2020-10-14 05:00:00,26.4,15.3,11.0,11.0,1.0090909090909088,1,0,Low risk,62.291666666666664,9.387500000000001,1022.1208333333334,0.0,10,0
2020-10-14,Parramatta,21.9,14.6,7.299999999999999,2020-10-14 18:00:00,2020-10-15 05:00:00,20.0,13.1,11.0,11.0,0.6272727272727273,0,0,Not hot day,69.16666666666667,12.75,1025.7958333333333,0.0,10,0
2020-10-15,Parramatta,29.4,12.9,16.5,2020-10-15 18:00:00,2020-10-16 02:00:00,24.9,15.8,8.0,11.0,1.1374999999999997,1,0,Low risk,67.5,7.3500000000000005,1018.2791666666667,0.0,10,0
2020-10-16,Parramatta,19.6,15.8,3.8000000000000007,2020-10-16 18:00:00,2020-10-17 03:00:00,17.3,15.5,9.0,11.0,0.20000000000000007,0,0,Not hot day,73.54166666666667,14.616666666666667,1017.6583333333333,0.0,10,0
2020-10-17,Parramatta,28.5,15.5,13.0,2020-10-17 18:00:00,2020-10-18 03:00:00,23.3,17.6,9.0,11.0,0.6333333333333333,1,0,Moderate risk,68.45833333333333,9.320833333333333,1012.5958333333333,0.0,10,0
2020-10-18,Parramatta,25.4,15.3,10.099999999999998,2020-10-18 18:00:00,2020-10-19 03:00:00,18.7,14.9,9.0,11.0,0.4222222222222221,0,0,Not hot day,75.875,11.033333333333333,1010.8625000000001,0.0,10,0
2020-10-19,Parramatta,20.5,14.8,5.699999999999999,2020-10-19 18:00:00,2020-10-20 05:00:00,17.9,15.3,11.0,11.0,0.23636363636363616,0,0,Not hot day,72.91304347826087,14.778260869565216,1016.8000000000001,0.0,10,0
2020-10-20,Parramatta,21.7,15.3,6.399999999999999,2020-10-20 18:00:00,2020-10-21 05:00:00,19.5,12.2,11.0,11.0,0.6636363636363637,0,0,Not hot day,69.95833333333333,10.183333333333334,1018.3375,0.0,10,0
2020-10-21,Parramatta,24.7,11.7,13.0,2020-10-21 18:00:00,2020-10-22 02:00:00,21.1,15.1,8.0,11.0,0.7500000000000002,0,0,Not hot day,71.33333333333333,10.433333333333334,1015.6083333333332,0.0,10,0
2020-10-22,Parramatta,24.5,15.1,9.4,2020-10-22 18:00:00,2020-10-23 05:00:00,22.8,15.0,11.0,11.0,0.7090909090909091,0,0,Not hot day,76.125,8.7125,1014.4458333333333,0.0,10,0
2020-10-23,Parramatta,28.7,15.0,13.7,2020-10-23 18:00:00,2020-10-24 04:00:00,23.7,19.1,10.0,11.0,0.4599999999999998,1,1,High risk,73.08333333333333,9.895833333333334,1011.6791666666667,0.0,10,0
2020-10-24,Parramatta,25.1,19.0,6.100000000000001,2020-10-24 18:00:00,2020-10-25 04:00:00,20.6,14.3,10.0,11.0,0.6300000000000001,0,0,Not hot day,86.20833333333333,8.904166666666667,1004.8583333333332,0.0,10,0
2020-10-25,Parramatta,15.8,12.5,3.3000000000000007,2020-10-25 18:00:00,2020-10-25 18:00:00,12.6,12.6,0.0,11.0,0.0,0,0,Not hot day,83.45833333333333,18.841666666666665,1012.7708333333334,0.0,10,0
2020-10-26,Parramatta,16.6,12.5,4.100000000000001,2020-10-26 18:00:00,2020-10-27 00:00:00,13.5,12.4,6.0,11.0,0.18333333333333326,0,0,Not hot day,86.29166666666667,25.787499999999998,1017.8041666666667,0.0,10,0
2020-10-27,Parramatta,20.1,12.4,7.700000000000001,2020-10-27 18:00:00,2020-10-28 02:00:00,17.8,12.0,8.0,11.0,0.7250000000000001,0,0,Not hot day,78.45833333333333,14.645833333333334,1019.5166666666668,0.0,10,0
2020-10-28,Parramatta,20.3,12.0,8.3,2020-10-28 18:00:00,2020-10-29 05:00:00,18.9,15.0,11.0,11.0,0.35454545454545444,0,0,Not hot day,76.25,10.641666666666667,1017.9166666666666,0.0,10,0
2020-10-29,Parramatta,21.7,14.5,7.199999999999999,2020-10-29 18:00:00,2020-10-30 05:00:00,19.6,11.5,11.0,11.0,0.7363636363636364,0,0,Not hot day,78.25,9.887500000000001,1012.1999999999999,0.0,10,0
2020-10-30,Parramatta,22.5,11.3,11.2,2020-10-30 18:00:00,2020-10-31 00:00:00,19.8,16.3,6.0,11.0,0.5833333333333334,0,0,Not hot day,75.33333333333333,9.491666666666667,1010.2916666666666,0.0,10,0
2020-10-31,Parramatta,22.5,15.0,7.5,2020-10-31 18:00:00,2020-11-01 03:00:00,16.6,13.6,9.0,11.0,0.33333333333333354,0,0,Not hot day,81.45833333333333,13.220833333333333,1008.8291666666668,0.0,10,0
2020-11-01,Parramatta,18.8,13.6,5.200000000000001,2020-11-01 18:00:00,2020-11-02 03:00:00,18.8,13.4,9.0,11.0,0.6000000000000001,0,0,Not hot day,81.33333333333333,14.295833333333334,1016.7333333333332,0.0,11,0
2020-11-02,Parramatta,21.5,13.4,8.1,2020-11-02 18:00:00,2020-11-03 05:00:00,19.8,11.4,11.0,11.0,0.7636363636363637,0,0,Not hot day,69.08333333333333,14.404166666666667,1026.2291666666667,0.0,11,0
2020-11-03,Parramatta,22.8,10.7,12.100000000000001,2020-11-03 18:00:00,2020-11-04 05:00:00,21.1,11.6,11.0,11.0,0.8636363636363638,0,0,Not hot day,69.95833333333333,8.283333333333333,1024.6041666666667,0.0,11,0
2020-11-04,Parramatta,28.4,11.0,17.4,2020-11-04 18:00:00,2020-11-05 04:00:00,25.5,19.4,10.0,11.0,0.6100000000000001,1,0,Moderate risk,65.58333333333333,7.575,1014.7291666666666,0.0,11,0
2020-11-05,Parramatta,20.1,12.7,7.400000000000002,2020-11-05 18:00:00,2020-11-05 18:00:00,12.7,12.7,0.0,11.0,0.0,0,0,Not hot day,83.0,14.475,1010.7916666666666,0.0,11,0
2020-11-06,Parramatta,20.4,12.3,8.099999999999998,2020-11-06 18:00:00,2020-11-07 03:00:00,18.5,11.4,9.0,11.0,0.7888888888888889,0,0,Not hot day,65.95652173913044,14.108695652173912,1017.3478260869565,0.0,11,0
2020-11-07,Parramatta,20.9,11.4,9.499999999999998,2020-11-07 18:00:00,2020-11-08 04:00:00,17.3,14.3,10.0,11.0,0.3,0,0,Not hot day,69.79166666666667,13.612499999999999,1021.6333333333333,0.0,11,0
2020-11-08,Parramatta,20.2,14.0,6.199999999999999,2020-11-08 18:00:00,2020-11-09 01:00:00,18.8,14.0,7.0,11.0,0.6857142857142858,0,0,Not hot day,58.625,13.704166666666666,1028.0166666666667,0.0,11,0
2020-11-09,Parramatta,21.1,13.2,7.900000000000002,2020-11-09 18:00:00,2020-11-10 05:00:00,20.2,10.8,11.0,11.0,0.8545454545454544,0,0,Not hot day,67.29166666666667,8.450000000000001,1026.5541666666666,0.0,11,0
2020-11-10,Parramatta,23.3,10.8,12.5,2020-11-10 18:00:00,2020-11-11 05:00:00,20.5,12.5,11.0,11.0,0.7272727272727273,0,0,Not hot day,67.25,9.145833333333334,1022.5166666666668,0.0,11,0
2020-11-11,Parramatta,26.0,12.3,13.7,2020-11-11 18:00:00,2020-11-12 05:00:00,23.8,16.9,11.0,11.0,0.6272727272727274,1,0,Moderate risk,71.58333333333333,8.679166666666667,1016.8375,0.0,11,0
2020-11-12,Parramatta,31.6,16.4,15.200000000000003,2020-11-12 18:00:00,2020-11-13 04:00:00,29.8,19.6,10.0,11.0,1.02,1,0,Low risk,58.916666666666664,10.883333333333333,1008.6,0.0,11,0
2020-11-13,Parramatta,28.4,16.8,11.599999999999998,2020-11-13 18:00:00,2020-11-14 04:00:00,22.7,14.7,10.0,11.0,0.8,1,0,Moderate risk,67.91666666666667,9.579166666666667,1004.5416666666666,0.0,11,0
2020-11-14,Parramatta,26.9,14.7,12.2,2020-11-14 18:00:00,2020-11-15 05:00:00,23.4,14.7,11.0,11.0,0.7909090909090909,1,0,Moderate risk,68.04166666666667,8.9,1008.875,0.0,11,0
2020-11-15,Parramatta,31.5,14.6,16.9,2020-11-15 18:00:00,2020-11-16 05:00:00,26.5,16.5,11.0,11.0,0.9090909090909091,1,0,Low risk,64.75,7.754166666666666,1014.6041666666666,0.0,11,0
2020-11-16,Parramatta,38.2,16.5,21.700000000000003,2020-11-16 18:00:00,2020-11-17 04:00:00,33.9,19.0,10.0,10.0,1.4899999999999998,1,0,Low risk,52.625,10.1875,1010.6750000000001,0.0,11,0
2020-11-17,Parramatta,23.6,17.0,6.600000000000001,2020-11-17 18:00:00,2020-11-17 22:00:00,20.1,17.0,4.0,11.0,0.7750000000000004,0,0,Not hot day,65.42857142857143,20.571428571428573,1019.304761904762,0.0,11,0
2020-11-18,Parramatta,24.1,17.6,6.5,2020-11-18 18:00:00,2020-11-19 05:00:00,22.5,14.4,11.0,11.0,0.7363636363636363,0,0,Not hot day,63.208333333333336,14.766666666666666,1023.4916666666667,0.0,11,0
2020-11-19,Parramatta,27.1,14.2,12.900000000000002,2020-11-19 18:00:00,2020-11-20 05:00:00,24.3,17.8,11.0,11.0,0.5909090909090909,1,0,Moderate risk,67.95652173913044,11.604347826086956,1020.9304347826088,0.0,11,0
2020-11-20,Parramatta,35.9,17.3,18.599999999999998,2020-11-20 18:00:00,2020-11-21 05:00:00,31.1,17.5,11.0,11.0,1.2363636363636366,1,0,Low risk,62.708333333333336,11.820833333333333,1016.1791666666667,0.0,11,0
2020-11-21,Parramatta,24.5,17.5,7.0,2020-11-21 18:00:00,2020-11-21 23:00:00,20.7,18.0,5.0,11.0,0.5399999999999998,0,0,Not hot day,66.66666666666667,14.470833333333333,1020.9458333333333,0.0,11,0
2020-11-22,Parramatta,29.7,17.7,12.0,2020-11-22 18:00:00,2020-11-23 02:00:00,28.7,20.9,8.0,11.0,0.9750000000000001,1,0,Low risk,66.16666666666667,5.325,1015.2958333333332,0.0,11,0
2020-11-23,Parramatta,25.7,19.3,6.399999999999999,2020-11-23 18:00:00,2020-11-24 05:00:00,24.0,15.6,11.0,11.0,0.7636363636363637,1,0,Moderate risk,73.75,9.85,1007.3874999999999,0.0,11,0
2020-11-24,Parramatta,23.7,15.6,8.1,2020-11-24 18:00:00,2020-11-25 05:00:00,21.8,17.7,11.0,11.0,0.37272727272727285,0,0,Not hot day,67.25,14.362499999999999,1011.2125,0.0,11,0
2020-11-25,Parramatta,25.3,17.1,8.2,2020-11-25 18:00:00,2020-11-26 05:00:00,23.5,15.0,11.0,11.0,0.7727272727272727,0,0,Not hot day,69.70833333333333,10.629166666666666,1013.4375,0.0,11,0
2020-11-26,Parramatta,34.8,14.9,19.9,2020-11-26 18:00:00,2020-11-27 03:00:00,30.6,18.2,9.0,11.0,1.377777777777778,1,0,Low risk,59.208333333333336,11.025,1011.7208333333333,0.0,11,0
2020-11-27,Parramatta,28.8,18.1,10.7,2020-11-27 18:00:00,2020-11-28 05:00:00,26.0,19.1,11.0,11.0,0.6272727272727271,1,0,Moderate risk,63.875,11.966666666666667,1016.0666666666666,0.0,11,0
2020-11-28,Parramatta,41.5,19.1,22.4,2020-11-28 18:00:00,2020-11-29 02:00:00,39.2,28.6,8.0,11.0,1.3250000000000002,1,0,Low risk,47.125,8.520833333333334,1007.2708333333334,0.0,11,0
2020-11-29,Parramatta,40.2,19.9,20.300000000000004,2020-11-29 18:00:00,2020-11-30 02:00:00,25.4,18.4,8.0,11.0,0.875,1,0,Low risk,36.541666666666664,23.875,1002.9583333333334,0.0,11,0
2020-11-30,Parramatta,23.5,18.4,5.100000000000001,2020-11-30 18:00:00,2020-12-01 05:00:00,22.1,19.5,11.0,11.0,0.2363636363636365,0,0,Not hot day,59.083333333333336,17.724999999999998,1016.4291666666667,0.0,11,0
2020-12-01,Parramatta,31.5,18.5,13.0,2020-12-01 18:00:00,2020-12-02 05:00:00,27.3,18.9,11.0,11.0,0.7636363636363638,1,0,Moderate risk,65.29166666666667,11.629166666666668,1010.9499999999999,0.0,12,1
2020-12-02,Parramatta,23.4,17.3,6.099999999999998,2020-12-02 18:00:00,2020-12-03 00:00:00,20.8,17.2,6.0,11.0,0.6000000000000002,0,0,Not hot day,72.875,18.179166666666667,1018.0375,0.0,12,1
2020-12-03,Parramatta,21.8,17.2,4.600000000000001,2020-12-03 18:00:00,2020-12-04 02:00:00,21.7,19.0,8.0,11.0,0.3374999999999999,0,0,Not hot day,77.5,9.866666666666667,1020.9458333333333,0.0,12,1
2020-12-04,Parramatta,34.5,18.9,15.600000000000001,2020-12-04 18:00:00,2020-12-05 05:00:00,29.5,16.8,11.0,11.0,1.1545454545454545,1,0,Low risk,54.458333333333336,12.200000000000001,1013.1583333333333,0.0,12,1
2020-12-05,Parramatta,26.0,16.8,9.2,2020-12-05 18:00:00,2020-12-06 05:00:00,25.9,21.2,11.0,11.0,0.4272727272727272,1,1,High risk,74.20833333333333,10.116666666666667,1008.8958333333334,0.0,12,1
2020-12-06,Parramatta,30.0,21.1,8.899999999999999,2020-12-06 18:00:00,2020-12-07 05:00:00,29.2,14.8,11.0,11.0,1.3090909090909089,1,0,Low risk,42.458333333333336,16.4125,1001.5749999999999,0.0,12,1
2020-12-07,Parramatta,29.7,14.2,15.5,2020-12-07 18:00:00,2020-12-08 05:00:00,29.0,15.8,11.0,11.0,1.2,1,0,Low risk,35.125,13.529166666666667,1004.3291666666668,0.0,12,1
2020-12-08,Parramatta,22.9,15.0,7.899999999999999,2020-12-08 18:00:00,2020-12-09 04:00:00,20.2,13.3,10.0,11.0,0.6899999999999998,0,0,Not hot day,44.416666666666664,17.845833333333335,1012.6083333333332,0.0,12,1
2020-12-09,Parramatta,27.0,13.0,14.0,2020-12-09 18:00:00,2020-12-10 05:00:00,24.1,15.7,11.0,11.0,0.7636363636363638,1,0,Moderate risk,56.041666666666664,10.2875,1017.8958333333334,0.0,12,1
2020-12-10,Parramatta,27.4,15.7,11.7,2020-12-10 18:00:00,2020-12-11 00:00:00,20.5,17.0,6.0,11.0,0.5833333333333334,1,0,Moderate risk,64.0,16.133333333333333,1019.3521739130434,0.0,12,1
2020-12-11,Parramatta,22.1,17.0,5.100000000000001,2020-12-11 18:00:00,2020-12-12 02:00:00,19.9,16.0,8.0,11.0,0.4874999999999998,0,0,Not hot day,52.75,22.375,1027.675,0.0,12,1
2020-12-12,Parramatta,23.5,16.0,7.5,2020-12-12 18:00:00,2020-12-13 04:00:00,20.4,14.7,10.0,11.0,0.57,0,0,Not hot day,58.375,16.7625,1028.6083333333333,0.0,12,1
2020-12-13,Parramatta,24.3,14.7,9.600000000000001,2020-12-13 18:00:00,2020-12-14 02:00:00,23.0,17.9,8.0,11.0,0.6375000000000002,0,0,Not hot day,69.125,11.754166666666668,1024.5416666666667,0.0,12,1
2020-12-14,Parramatta,24.0,17.9,6.100000000000001,2020-12-14 18:00:00,2020-12-15 04:00:00,23.4,19.0,10.0,11.0,0.43999999999999984,0,0,Not hot day,76.91666666666667,11.775,1020.0166666666668,0.0,12,1
2020-12-15,Parramatta,24.8,19.0,5.800000000000001,2020-12-15 18:00:00,2020-12-15 22:00:00,23.8,22.1,4.0,11.0,0.4249999999999998,0,0,Not hot day,87.70833333333333,13.620833333333332,1015.6125000000001,0.0,12,1
2020-12-16,Parramatta,29.2,22.0,7.199999999999999,2020-12-16 18:00:00,2020-12-17 05:00:00,24.5,21.7,11.0,11.0,0.25454545454545463,1,1,Extreme risk,82.91666666666667,14.350000000000001,1010.2125,0.0,12,1
2020-12-17,Parramatta,32.8,21.7,11.099999999999998,2020-12-17 18:00:00,2020-12-18 05:00:00,30.6,21.5,11.0,11.0,0.8272727272727274,1,0,Low risk,72.0,9.083333333333334,1005.5625,0.0,12,1
2020-12-18,Parramatta,32.3,21.3,10.999999999999996,2020-12-18 18:00:00,2020-12-19 05:00:00,24.4,19.2,11.0,11.0,0.47272727272727266,1,1,High risk,75.41666666666667,10.229166666666666,1006.6916666666666,0.0,12,1
2020-12-19,Parramatta,20.4,18.1,2.299999999999997,2020-12-19 18:00:00,2020-12-20 04:00:00,18.2,17.8,10.0,11.0,0.039999999999999855,0,0,Not hot day,78.54166666666667,13.591666666666667,1016.1208333333334,0.0,12,1
2020-12-20,Parramatta,24.2,17.8,6.399999999999999,2020-12-20 18:00:00,2020-12-21 05:00:00,23.7,18.2,11.0,11.0,0.5,0,0,Not hot day,82.0,8.9,1012.775,0.0,12,1
2020-12-21,Parramatta,24.0,18.0,6.0,2020-12-21 18:00:00,2020-12-22 04:00:00,19.7,17.7,10.0,11.0,0.2,0,0,Not hot day,86.875,5.791666666666667,1010.25,0.0,12,1
2020-12-22,Parramatta,27.9,17.7,10.2,2020-12-22 18:00:00,2020-12-23 05:00:00,25.8,16.5,11.0,11.0,0.8454545454545456,1,0,Low risk,66.04166666666667,11.362499999999999,1002.9625,0.0,12,1
2020-12-23,Parramatta,25.8,15.6,10.200000000000001,2020-12-23 18:00:00,2020-12-24 05:00:00,22.8,16.2,11.0,11.0,0.6000000000000001,1,0,Moderate risk,53.291666666666664,16.087500000000002,1013.4333333333334,0.0,12,1
2020-12-24,Parramatta,28.4,15.7,12.7,2020-12-24 18:00:00,2020-12-25 05:00:00,28.1,18.5,11.0,11.0,0.8727272727272729,1,0,Low risk,66.29166666666667,11.275,1014.9499999999999,0.0,12,1
2020-12-25,Parramatta,21.4,18.0,3.3999999999999986,2020-12-25 18:00:00,2020-12-26 03:00:00,19.7,16.7,9.0,11.0,0.3333333333333333,0,0,Not hot day,72.95833333333333,18.608333333333334,1018.9833333333332,0.0,12,1
2020-12-26,Parramatta,24.1,16.7,7.400000000000002,2020-12-26 18:00:00,2020-12-27 05:00:00,21.6,16.8,11.0,11.0,0.43636363636363645,0,0,Not hot day,79.375,9.75,1018.4041666666667,0.0,12,1
2020-12-27,Parramatta,32.5,16.6,15.899999999999999,2020-12-27 18:00:00,2020-12-28 05:00:00,28.3,19.8,11.0,11.0,0.7727272727272727,1,0,Moderate risk,70.33333333333333,7.554166666666667,1010.7541666666666,0.0,12,1
2020-12-28,Parramatta,30.8,16.8,14.0,2020-12-28 18:00:00,2020-12-29 00:00:00,17.1,16.7,6.0,11.0,0.06666666666666703,1,1,Extreme risk,77.41666666666667,12.241666666666667,1008.0708333333333,0.0,12,1
2020-12-29,Parramatta,20.9,16.7,4.199999999999999,2020-12-29 18:00:00,2020-12-30 05:00:00,20.3,17.2,11.0,11.0,0.28181818181818197,0,0,Not hot day,84.0,9.354166666666666,1014.3000000000001,0.0,12,1
2020-12-30,Parramatta,23.5,17.2,6.300000000000001,2020-12-30 18:00:00,2020-12-31 01:00:00,21.9,16.8,7.0,11.0,0.7285714285714283,0,0,Not hot day,76.20833333333333,16.445833333333333,1018.3791666666666,0.0,12,1
2020-12-31,Parramatta,23.6,16.8,6.800000000000001,2020-12-31 18:00:00,2021-01-01 03:00:00,21.3,17.9,9.0,11.0,0.377777777777778,0,0,Not hot day,73.08333333333333,12.799999999999999,1019.5958333333333,0.0,12,1
