date,suburb,tmin,tmax,prcp,humidity_mean,daily_temp_range,month,is_summer,hot_day,poor_cooling_proxy
2020-01-01,Parramatta,19.0,27.5,0.0,65.34736,8.5,1,1,1,1
2020-01-02,Parramatta,18.6,28.0,0.0,62.68209,9.399999999999999,1,1,1,1
2020-01-03,Parramatta,20.2,33.0,0.0,78.075874,12.8,1,1,1,1
2020-01-04,Parramatta,19.2,47.0,0.0,54.93853,27.8,1,1,1,1
2020-01-05,Parramatta,21.2,26.8,0.0,28.517937,5.600000000000001,1,1,1,1
2020-01-06,Parramatta,16.5,23.8,0.0,53.483173,7.300000000000001,1,1,0,0
2020-01-07,Parramatta,19.5,32.7,4.2,75.16492,13.200000000000003,1,1,1,1
2020-01-08,Parramatta,21.2,29.0,0.4,52.32219,7.800000000000001,1,1,1,1
2020-01-09,Parramatta,20.2,26.0,0.0,47.02691,5.800000000000001,1,1,1,1
2020-01-10,Parramatta,20.4,35.0,0.0,45.425343,14.600000000000001,1,1,1,1
2020-01-11,Parramatta,18.0,23.3,0.4,67.49305,5.300000000000001,1,1,0,0
2020-01-12,Parramatta,18.2,21.8,0.2,73.81778,3.6000000000000014,1,1,0,0
2020-01-13,Parramatta,14.5,26.7,1.2,56.044456,12.2,1,1,1,0
2020-01-14,Parramatta,15.2,28.4,0.0,65.88024,13.2,1,1,1,0
2020-01-15,Parramatta,15.5,30.5,0.0,63.749332,15.0,1,1,1,0
2020-01-16,Parramatta,15.5,30.2,3.4,64.74689,14.7,1,1,1,0
2020-01-17,Parramatta,17.8,22.0,24.0,62.018585,4.199999999999999,1,1,0,0
2020-01-18,Parramatta,17.6,23.3,14.0,60.39101,5.699999999999999,1,1,0,0
2020-01-19,Parramatta,17.8,25.2,5.6,80.293335,7.399999999999999,1,1,0,0
2020-01-20,Parramatta,18.2,32.0,0.4,71.65443,13.8,1,1,1,1
2020-01-21,Parramatta,18.8,33.0,0.2,52.646847,14.2,1,1,1,1
2020-01-22,Parramatta,17.2,33.8,0.0,51.748398,16.599999999999998,1,1,1,1
2020-01-23,Parramatta,17.2,41.2,0.0,56.15563,24.000000000000004,1,1,1,1
2020-01-24,Parramatta,20.6,29.0,2.2,64.86699,8.399999999999999,1,1,1,1
2020-01-25,Parramatta,21.4,30.6,5.2,74.12087,9.200000000000003,1,1,1,1
2020-01-26,Parramatta,22.6,37.3,0.0,72.14909,14.699999999999996,1,1,1,1
2020-01-27,Parramatta,23.0,30.2,5.6,71.27447,7.199999999999999,1,1,1,1
2020-01-28,Parramatta,21.4,33.1,0.0,69.21698,11.700000000000003,1,1,1,1
2020-01-29,Parramatta,22.2,28.7,0.0,55.11413,6.5,1,1,1,1
2020-01-30,Parramatta,16.8,31.5,0.0,78.01948,14.7,1,1,1,0
2020-01-31,Parramatta,20.2,36.0,0.0,73.95462,15.8,1,1,1,1
2020-02-01,Parramatta,22.0,44.5,0.0,69.2033,22.5,2,1,1,1
2020-02-02,Parramatta,25.0,32.0,0.0,62.265182,7.0,2,1,1,1
2020-02-03,Parramatta,22.0,33.8,16.0,62.898815,11.799999999999997,2,1,1,1
2020-02-04,Parramatta,16.5,22.9,1.2,60.006504,6.399999999999999,2,1,0,0
2020-02-05,Parramatta,14.4,26.0,0.0,61.670773,11.6,2,1,1,0
2020-02-06,Parramatta,19.0,23.0,1.6,59.572243,4.0,2,1,0,0
2020-02-07,Parramatta,17.5,21.5,48.0,62.977016,4.0,2,1,0,0
2020-02-08,Parramatta,18.0,23.5,51.0,65.14102,5.5,2,1,0,0
2020-02-09,Parramatta,18.5,22.5,102.0,64.8022,4.0,2,1,0,0
2020-02-10,Parramatta,17.5,29.5,158.0,62.294487,12.0,2,1,1,1
2020-02-11,Parramatta,18.5,30.7,0.0,55.517094,12.2,2,1,1,1
2020-02-12,Parramatta,21.2,26.6,0.0,58.9033,5.400000000000002,2,1,1,1
2020-02-13,Parramatta,21.0,26.2,13.4,67.917465,5.199999999999999,2,1,1,1
2020-02-14,Parramatta,19.0,27.6,10.2,73.479294,8.600000000000001,2,1,1,1
2020-02-15,Parramatta,17.0,28.0,0.0,47.454147,11.0,2,1,1,0
2020-02-16,Parramatta,17.8,26.5,15.0,54.16628,8.7,2,1,1,1
2020-02-17,Parramatta,19.6,24.5,0.2,69.13908,4.899999999999999,2,1,0,0
2020-02-18,Parramatta,18.5,33.5,0.8,75.95354,15.0,2,1,1,1
2020-02-19,Parramatta,18.4,28.5,11.4,72.852066,10.100000000000001,2,1,1,1
2020-02-20,Parramatta,14.8,24.5,0.0,74.893005,9.7,2,1,0,0
2020-02-21,Parramatta,18.9,24.5,0.0,82.42736,5.600000000000001,2,1,0,0
2020-02-22,Parramatta,18.0,22.8,0.0,82.594345,4.800000000000001,2,1,0,0
2020-02-23,Parramatta,18.2,24.5,0.2,74.5943,6.300000000000001,2,1,0,0
2020-02-24,Parramatta,16.6,27.9,0.0,60.44539,11.299999999999997,2,1,1,0
2020-02-25,Parramatta,18.0,30.8,0.0,55.657944,12.8,2,1,1,1
2020-02-26,Parramatta,20.4,32.0,0.0,56.629948,11.600000000000001,2,1,1,1
2020-02-27,Parramatta,18.5,25.4,0.6,61.645454,6.899999999999999,2,1,0,0
2020-02-28,Parramatta,13.7,25.7,0.0,64.29486,12.0,2,1,1,0
2020-02-29,Parramatta,18.3,27.2,0.0,61.875866,8.899999999999999,2,1,1,1
2020-03-01,Parramatta,16.2,31.0,0.0,37.5741,14.8,3,0,1,0
2020-03-02,Parramatta,16.5,37.7,0.0,45.62505,21.200000000000003,3,0,1,0
2020-03-03,Parramatta,19.4,21.3,0.0,61.881447,1.9000000000000021,3,0,0,0
2020-03-04,Parramatta,17.9,25.0,19.8,57.768307,7.100000000000001,3,0,0,0
2020-03-05,Parramatta,19.6,24.5,6.4,40.873005,4.899999999999999,3,0,0,0
2020-03-06,Parramatta,20.6,28.3,20.4,50.563423,7.699999999999999,3,0,1,1
2020-03-07,Parramatta,18.5,24.4,0.0,67.84709,5.899999999999999,3,0,0,0
2020-03-08,Parramatta,15.8,22.0,10.4,67.3446,6.199999999999999,3,0,0,0
2020-03-09,Parramatta,16.3,23.0,4.0,64.55453,6.699999999999999,3,0,0,0
2020-03-10,Parramatta,13.8,23.5,2.6,55.55683,9.7,3,0,0,0
2020-03-11,Parramatta,13.0,24.8,0.0,60.571045,11.8,3,0,0,0
2020-03-12,Parramatta,14.0,25.0,0.4,65.6107,11.0,3,0,0,0
2020-03-13,Parramatta,12.0,27.0,0.0,61.682877,15.0,3,0,1,0
2020-03-14,Parramatta,14.0,16.5,1.4,67.31625,2.5,3,0,0,0
2020-03-15,Parramatta,10.4,20.5,12.0,69.005554,10.1,3,0,0,0
2020-03-16,Parramatta,14.0,22.4,5.8,68.442795,8.399999999999999,3,0,0,0
2020-03-17,Parramatta,14.0,22.7,2.6,50.26533,8.7,3,0,0,0
2020-03-18,Parramatta,11.2,27.5,0.0,55.870712,16.3,3,0,1,0
2020-03-19,Parramatta,14.0,32.7,0.0,52.102707,18.700000000000003,3,0,1,0
2020-03-20,Parramatta,17.0,34.8,0.0,64.11375,17.799999999999997,3,0,1,0
2020-03-21,Parramatta,15.2,25.2,0.0,75.15228,10.0,3,0,0,0
2020-03-22,Parramatta,16.2,29.8,0.0,77.08949,13.600000000000001,3,0,1,0
2020-03-23,Parramatta,17.3,22.5,0.0,71.60035,5.199999999999999,3,0,0,0
2020-03-24,Parramatta,13.5,22.0,2.0,73.63535,8.5,3,0,0,0
2020-03-25,Parramatta,15.0,25.8,0.0,68.156975,10.8,3,0,1,0
2020-03-26,Parramatta,15.7,21.3,12.0,64.7941,5.600000000000001,3,0,0,0
2020-03-27,Parramatta,13.8,22.2,5.0,62.468563,8.399999999999999,3,0,0,0
2020-03-28,Parramatta,12.3,23.8,0.0,59.62567,11.5,3,0,0,0
2020-03-29,Parramatta,16.2,25.2,3.2,55.0079,9.0,3,0,0,0
2020-03-30,Parramatta,17.2,25.2,2.2,70.92904,8.0,3,0,0,0
2020-03-31,Parramatta,14.8,26.8,0.0,69.702255,12.0,3,0,1,0
2020-04-01,Parramatta,16.7,24.0,0.2,78.2715,7.300000000000001,4,0,0,0
2020-04-02,Parramatta,16.0,24.3,13.0,69.99287,8.3,4,0,0,0
2020-04-03,Parramatta,15.5,26.0,5.0,71.50952,10.5,4,0,1,0
2020-04-04,Parramatta,19.0,25.7,7.4,83.577995,6.699999999999999,4,0,1,1
2020-04-05,Parramatta,12.8,24.2,0.0,80.17713,11.399999999999999,4,0,0,0
2020-04-06,Parramatta,13.0,24.0,0.0,86.677414,11.0,4,0,0,0
2020-04-07,Parramatta,14.8,20.8,0.0,66.13846,6.0,4,0,0,0
2020-04-08,Parramatta,12.8,18.8,0.0,64.33151,6.0,4,0,0,0
2020-04-09,Parramatta,14.5,22.2,0.4,74.65614,7.699999999999999,4,0,0,0
2020-04-10,Parramatta,15.5,22.5,1.0,61.648632,7.0,4,0,0,0
2020-04-11,Parramatta,13.2,24.8,4.0,72.57469,11.600000000000001,4,0,0,0
2020-04-12,Parramatta,7.5,21.8,0.0,69.47848,14.3,4,0,0,0
2020-04-13,Parramatta,7.8,23.0,0.0,66.97541,15.2,4,0,0,0
2020-04-14,Parramatta,10.3,27.2,0.0,71.385994,16.9,4,0,1,0
2020-04-15,Parramatta,12.0,30.0,0.0,49.003334,18.0,4,0,1,0
2020-04-16,Parramatta,15.5,26.0,0.0,54.075466,10.5,4,0,1,0
2020-04-17,Parramatta,14.8,27.0,0.0,61.57909,12.2,4,0,1,0
2020-04-18,Parramatta,11.0,24.0,0.0,71.735466,13.0,4,0,0,0
2020-04-19,Parramatta,9.0,22.2,0.0,72.052414,13.2,4,0,0,0
2020-04-20,Parramatta,11.2,20.0,0.0,75.86727,8.8,4,0,0,0
2020-04-21,Parramatta,10.5,25.6,0.0,57.287037,15.100000000000001,4,0,1,0
2020-04-22,Parramatta,12.3,25.5,0.0,47.76581,13.2,4,0,0,0
2020-04-23,Parramatta,9.8,24.8,0.0,57.855015,15.0,4,0,0,0
2020-04-24,Parramatta,13.7,28.0,0.0,58.00202,14.3,4,0,1,0
2020-04-25,Parramatta,11.2,27.2,0.0,62.357258,16.0,4,0,1,0
2020-04-26,Parramatta,11.5,27.3,0.0,65.4339,15.8,4,0,1,0
2020-04-27,Parramatta,11.6,21.2,0.0,64.428246,9.6,4,0,0,0
2020-04-28,Parramatta,14.3,22.3,0.4,61.486893,8.0,4,0,0,0
2020-04-29,Parramatta,14.8,25.2,0.2,48.746037,10.399999999999999,4,0,0,0
2020-04-30,Parramatta,14.8,18.5,0.2,48.55623,3.6999999999999993,4,0,0,0
2020-05-01,Parramatta,9.8,16.3,15.6,43.538593,6.5,5,0,0,0
2020-05-02,Parramatta,11.2,18.0,0.0,55.992786,6.800000000000001,5,0,0,0
2020-05-03,Parramatta,6.7,20.0,0.0,52.611786,13.3,5,0,0,0
2020-05-04,Parramatta,6.0,19.6,0.0,55.617733,13.600000000000001,5,0,0,0
2020-05-05,Parramatta,10.0,20.7,0.6,68.45647,10.7,5,0,0,0
2020-05-06,Parramatta,7.0,22.7,0.0,50.44078,15.7,5,0,0,0
2020-05-07,Parramatta,7.8,23.7,0.0,80.43814,15.899999999999999,5,0,0,0
2020-05-08,Parramatta,12.8,27.0,0.0,75.74823,14.2,5,0,1,0
2020-05-09,Parramatta,15.2,25.3,0.0,74.55535,10.100000000000001,5,0,0,0
2020-05-10,Parramatta,7.0,17.7,0.0,75.33271,10.7,5,0,0,0
2020-05-11,Parramatta,3.0,19.2,0.0,71.93141,16.2,5,0,0,0
2020-05-12,Parramatta,4.8,20.0,0.0,81.98874,15.2,5,0,0,0
2020-05-13,Parramatta,7.2,18.8,0.0,54.54091,11.600000000000001,5,0,0,0
2020-05-14,Parramatta,7.3,18.4,0.0,50.565117,11.099999999999998,5,0,0,0
2020-05-15,Parramatta,6.2,17.0,0.2,45.778282,10.8,5,0,0,0
2020-05-16,Parramatta,9.1,18.8,3.0,45.54259,9.700000000000001,5,0,0,0
2020-05-17,Parramatta,7.2,20.8,0.0,59.267292,13.600000000000001,5,0,0,0
2020-05-18,Parramatta,8.0,18.6,0.6,52.50344,10.600000000000001,5,0,0,0
2020-05-19,Parramatta,10.2,21.8,1.0,70.584885,11.600000000000001,5,0,0,0
2020-05-20,Parramatta,10.0,23.7,0.0,88.4142,13.7,5,0,0,0
2020-05-21,Parramatta,13.2,18.8,0.0,52.34091,5.600000000000001,5,0,0,0
2020-05-22,Parramatta,7.8,16.8,39.4,46.714184,9.0,5,0,0,0
2020-05-23,Parramatta,10.2,18.2,3.0,49.78091,8.0,5,0,0,0
2020-05-24,Parramatta,12.3,17.9,0.8,57.363506,5.599999999999998,5,0,0,0
2020-05-25,Parramatta,12.0,16.7,0.0,64.93037,4.699999999999999,5,0,0,0
2020-05-26,Parramatta,12.2,19.4,12.0,56.759285,7.199999999999999,5,0,0,0
2020-05-27,Parramatta,10.0,20.0,0.6,74.84143,10.0,5,0,0,0
2020-05-28,Parramatta,8.6,22.0,0.0,85.30269,13.4,5,0,0,0
2020-05-29,Parramatta,9.2,17.0,0.0,90.69666,7.800000000000001,5,0,0,0
2020-05-30,Parramatta,9.0,20.0,1.8,87.93841,11.0,5,0,0,0
2020-05-31,Parramatta,10.0,21.3,0.0,76.27257,11.3,5,0,0,0
2020-06-01,Parramatta,9.7,22.3,0.0,72.32634,12.600000000000001,6,0,0,0
2020-06-02,Parramatta,5.0,16.6,1.2,60.358814,11.600000000000001,6,0,0,0
2020-06-03,Parramatta,5.2,19.0,0.0,67.516205,13.8,6,0,0,0
2020-06-04,Parramatta,9.1,16.5,0.0,69.665955,7.4,6,0,0,0
2020-06-05,Parramatta,3.2,19.8,0.0,67.86873,16.6,6,0,0,0
2020-06-06,Parramatta,4.6,19.3,0.0,67.67237,14.700000000000001,6,0,0,0
2020-06-07,Parramatta,6.2,17.8,0.0,69.80678,11.600000000000001,6,0,0,0
2020-06-08,Parramatta,7.0,18.0,10.0,61.943546,11.0,6,0,0,0
2020-06-09,Parramatta,8.2,19.0,1.0,68.87785,10.8,6,0,0,0
2020-06-10,Parramatta,9.8,16.2,3.0,70.334755,6.399999999999999,6,0,0,0
2020-06-11,Parramatta,12.2,21.6,1.4,75.10627,9.400000000000002,6,0,0,0
2020-06-12,Parramatta,9.8,15.2,0.0,75.72065,5.399999999999999,6,0,0,0
2020-06-13,Parramatta,8.8,20.0,3.0,70.36491,11.2,6,0,0,0
2020-06-14,Parramatta,11.8,20.7,7.2,55.61325,8.899999999999999,6,0,0,0
2020-06-15,Parramatta,6.3,20.0,0.0,57.66071,13.7,6,0,0,0
2020-06-16,Parramatta,9.4,20.8,0.0,63.043926,11.4,6,0,0,0
2020-06-17,Parramatta,7.4,16.2,0.0,67.313446,8.799999999999999,6,0,0,0
2020-06-18,Parramatta,9.4,19.0,1.8,64.122314,9.6,6,0,0,0
2020-06-19,Parramatta,5.0,19.8,0.0,74.59501,14.8,6,0,0,0
2020-06-20,Parramatta,6.2,20.0,0.0,75.40202,13.8,6,0,0,0
2020-06-21,Parramatta,8.2,19.2,6.0,57.7922,11.0,6,0,0,0
2020-06-22,Parramatta,6.8,16.5,0.0,59.00507,9.7,6,0,0,0
2020-06-23,Parramatta,6.3,15.7,0.0,61.81173,9.399999999999999,6,0,0,0
2020-06-24,Parramatta,5.2,18.2,0.0,56.87832,13.0,6,0,0,0
2020-06-25,Parramatta,6.0,18.3,0.0,45.39343,12.3,6,0,0,0
2020-06-26,Parramatta,6.4,19.5,0.0,54.626457,13.1,6,0,0,0
2020-06-27,Parramatta,8.0,16.6,0.0,68.14189,8.600000000000001,6,0,0,0
2020-06-28,Parramatta,6.8,15.6,1.0,63.71767,8.8,6,0,0,0
2020-06-29,Parramatta,6.5,17.1,0.0,70.370384,10.600000000000001,6,0,0,0
2020-06-30,Parramatta,5.3,18.3,0.2,71.83075,13.0,6,0,0,0
2020-07-01,Parramatta,4.5,21.3,0.0,72.58294,16.8,7,0,0,0
2020-07-02,Parramatta,7.8,22.8,0.0,78.85553,15.0,7,0,0,0
2020-07-03,Parramatta,6.8,18.0,0.0,78.47897,11.2,7,0,0,0
2020-07-04,Parramatta,6.3,16.3,0.6,64.60821,10.0,7,0,0,0
2020-07-05,Parramatta,6.3,18.3,0.0,63.340775,12.0,7,0,0,0
2020-07-06,Parramatta,5.3,18.3,0.0,67.0215,13.0,7,0,0,0
2020-07-07,Parramatta,7.5,16.5,0.0,59.53969,9.0,7,0,0,0
2020-07-08,Parramatta,8.5,15.5,3.0,56.076122,7.0,7,0,0,0
2020-07-09,Parramatta,4.5,18.2,0.0,60.54937,13.7,7,0,0,0
2020-07-10,Parramatta,7.5,16.8,0.0,63.98631,9.3,7,0,0,0
2020-07-11,Parramatta,10.2,18.5,3.2,63.22444,8.3,7,0,0,0
2020-07-12,Parramatta,8.5,17.5,1.2,55.842392,9.0,7,0,0,0
2020-07-13,Parramatta,5.6,17.6,6.0,55.391262,12.000000000000002,7,0,0,0
2020-07-14,Parramatta,9.2,16.2,11.0,52.98688,7.0,7,0,0,0
2020-07-15,Parramatta,10.8,15.6,1.6,59.920376,4.799999999999999,7,0,0,0
2020-07-16,Parramatta,8.8,16.6,0.0,52.659645,7.800000000000001,7,0,0,0
2020-07-17,Parramatta,10.2,16.2,0.0,57.651592,6.0,7,0,0,0
2020-07-18,Parramatta,8.2,17.2,0.0,54.871933,9.0,7,0,0,0
2020-07-19,Parramatta,4.6,19.2,0.0,61.149334,14.6,7,0,0,0
2020-07-20,Parramatta,6.8,18.0,0.0,57.88324,11.2,7,0,0,0
2020-07-21,Parramatta,3.6,17.2,0.0,76.11571,13.6,7,0,0,0
2020-07-22,Parramatta,3.6,18.2,0.0,62.44859,14.6,7,0,0,0
2020-07-23,Parramatta,4.2,19.4,0.0,51.676933,15.2,7,0,0,0
2020-07-24,Parramatta,5.0,18.8,0.0,57.931698,13.8,7,0,0,0
2020-07-25,Parramatta,5.8,18.2,0.0,67.131676,12.399999999999999,7,0,0,0
2020-07-26,Parramatta,9.0,15.5,5.6,67.77805,6.5,7,0,0,0
2020-07-27,Parramatta,11.8,16.3,97.0,63.84533,4.5,7,0,0,0
2020-07-28,Parramatta,12.0,18.3,18.0,59.93966,6.300000000000001,7,0,0,0
2020-07-29,Parramatta,7.6,20.0,0.0,53.24591,12.4,7,0,0,0
2020-07-30,Parramatta,4.6,18.4,0.0,54.23767,13.799999999999999,7,0,0,0
2020-07-31,Parramatta,6.0,17.7,0.0,50.84356,11.7,7,0,0,0
2020-08-01,Parramatta,4.0,20.0,0.0,64.09291,16.0,8,0,0,0
2020-08-02,Parramatta,5.4,21.0,0.0,60.672188,15.6,8,0,0,0
2020-08-03,Parramatta,4.6,21.8,0.0,66.36689,17.200000000000003,8,0,0,0
2020-08-04,Parramatta,8.2,21.5,0.0,57.296875,13.3,8,0,0,0
2020-08-05,Parramatta,3.8,17.8,0.0,48.957806,14.0,8,0,0,0
2020-08-06,Parramatta,3.2,16.2,0.0,61.30124,13.0,8,0,0,0
2020-08-07,Parramatta,6.2,14.8,0.0,76.24564,8.600000000000001,8,0,0,0
2020-08-08,Parramatta,10.0,16.1,19.0,67.91025,6.100000000000001,8,0,0,0
2020-08-09,Parramatta,5.8,15.7,6.4,55.85822,9.899999999999999,8,0,0,0
2020-08-10,Parramatta,7.6,16.3,30.0,36.713036,8.700000000000001,8,0,0,0
2020-08-11,Parramatta,9.3,17.4,3.4,42.036465,8.099999999999998,8,0,0,0
2020-08-12,Parramatta,7.8,18.0,0.0,45.864845,10.2,8,0,0,0
2020-08-13,Parramatta,7.8,22.4,0.0,62.08392,14.599999999999998,8,0,0,0
2020-08-14,Parramatta,8.0,17.5,0.0,64.851265,9.5,8,0,0,0
2020-08-15,Parramatta,11.0,19.2,6.0,59.321247,8.2,8,0,0,0
2020-08-16,Parramatta,10.8,20.0,1.4,50.041283,9.2,8,0,0,0
2020-08-17,Parramatta,7.5,20.0,0.0,57.757904,12.5,8,0,0,0
2020-08-18,Parramatta,9.1,20.5,0.0,68.79392,11.4,8,0,0,0
2020-08-19,Parramatta,7.7,21.4,0.0,64.846535,13.7,8,0,0,0
2020-08-20,Parramatta,9.0,18.0,0.0,66.47459,9.0,8,0,0,0
2020-08-21,Parramatta,8.7,18.5,0.0,63.879482,9.8,8,0,0,0
2020-08-22,Parramatta,7.5,15.0,0.0,73.67025,7.5,8,0,0,0
2020-08-23,Parramatta,7.2,16.7,0.0,88.28773,9.5,8,0,0,0
2020-08-24,Parramatta,3.8,18.3,0.0,71.82272,14.5,8,0,0,0
2020-08-25,Parramatta,1.7,16.5,0.0,62.651485,14.8,8,0,0,0
2020-08-26,Parramatta,3.7,19.2,0.0,53.362354,15.5,8,0,0,0
2020-08-27,Parramatta,3.2,21.6,0.0,51.31159,18.400000000000002,8,0,0,0
2020-08-28,Parramatta,8.3,19.2,0.0,54.490337,10.899999999999999,8,0,0,0
2020-08-29,Parramatta,4.0,22.8,0.0,55.77852,18.8,8,0,0,0
2020-08-30,Parramatta,5.3,25.5,0.0,52.568478,20.2,8,0,0,0
2020-08-31,Parramatta,13.5,23.0,0.0,51.695194,9.5,8,0,0,0
2020-09-01,Parramatta,10.0,19.0,0.0,64.303085,9.0,9,0,0,0
2020-09-02,Parramatta,5.5,24.2,0.0,65.15138,18.7,9,0,0,0
2020-09-03,Parramatta,14.8,29.8,0.0,51.17188,15.0,9,0,1,0
2020-09-04,Parramatta,15.5,21.0,0.0,44.171963,5.5,9,0,0,0
2020-09-05,Parramatta,11.0,22.5,7.0,53.60358,11.5,9,0,0,0
2020-09-06,Parramatta,7.2,19.3,0.0,51.373592,12.100000000000001,9,0,0,0
2020-09-07,Parramatta,7.2,22.5,0.0,51.616676,15.3,9,0,0,0
2020-09-08,Parramatta,7.8,25.6,0.0,40.583225,17.8,9,0,1,0
2020-09-09,Parramatta,13.2,16.5,1.6,52.534286,3.3000000000000007,9,0,0,0
2020-09-10,Parramatta,9.0,18.4,8.0,60.51963,9.399999999999999,9,0,0,0
2020-09-11,Parramatta,8.6,19.8,0.6,56.470207,11.200000000000001,9,0,0,0
2020-09-12,Parramatta,7.6,23.8,0.0,52.937252,16.200000000000003,9,0,0,0
2020-09-13,Parramatta,8.0,24.8,0.0,44.357983,16.8,9,0,0,0
2020-09-14,Parramatta,8.0,22.0,0.2,43.57452,14.0,9,0,0,0
2020-09-15,Parramatta,11.3,24.2,0.0,48.16506,12.899999999999999,9,0,0,0
2020-09-16,Parramatta,9.5,28.0,0.0,42.971584,18.5,9,0,1,0
2020-09-17,Parramatta,11.6,30.8,0.0,53.3432,19.200000000000003,9,0,1,0
2020-09-18,Parramatta,14.8,17.4,0.0,65.889404,2.599999999999998,9,0,0,0
2020-09-19,Parramatta,14.5,23.0,1.6,66.419716,8.5,9,0,0,0
2020-09-20,Parramatta,10.0,24.0,4.0,68.18424,14.0,9,0,0,0
2020-09-21,Parramatta,12.6,29.7,6.2,76.42205,17.1,9,0,1,0
2020-09-22,Parramatta,18.4,24.2,0.0,78.293274,5.800000000000001,9,0,0,0
2020-09-23,Parramatta,11.0,23.5,0.0,73.9443,12.5,9,0,0,0
2020-09-24,Parramatta,9.0,21.4,0.0,57.05604,12.399999999999999,9,0,0,0
2020-09-25,Parramatta,6.7,23.3,0.0,64.88028,16.6,9,0,0,0
2020-09-26,Parramatta,7.8,17.6,0.4,59.46807,9.8,9,0,0,0
2020-09-27,Parramatta,7.0,18.5,0.0,42.017353,11.5,9,0,0,0
2020-09-28,Parramatta,7.5,20.5,0.0,42.727055,13.0,9,0,0,0
2020-09-29,Parramatta,8.0,19.6,0.0,42.10096,11.600000000000001,9,0,0,0
2020-09-30,Parramatta,8.0,21.2,0.0,45.60107,13.2,9,0,0,0
2020-10-01,Parramatta,13.5,25.7,1.0,58.69221,12.2,10,0,1,0
2020-10-02,Parramatta,8.2,28.7,0.0,60.005634,20.5,10,0,1,0
2020-10-03,Parramatta,9.3,30.0,0.0,45.199253,20.7,10,0,1,0
2020-10-04,Parramatta,12.6,32.2,0.0,65.8971,19.6,10,0,1,0
2020-10-05,Parramatta,13.0,33.3,0.0,73.827034,20.299999999999997,10,0,1,0
2020-10-06,Parramatta,16.3,20.3,0.0,68.566536,4.0,10,0,0,0
2020-10-07,Parramatta,15.3,21.5,0.0,59.607166,6.199999999999999,10,0,0,0
2020-10-08,Parramatta,14.3,29.4,0.6,62.147602,15.099999999999998,10,0,1,0
2020-10-09,Parramatta,10.8,23.0,0.0,51.033245,12.2,10,0,0,0
2020-10-10,Parramatta,9.7,26.8,0.0,59.09402,17.1,10,0,1,0
2020-10-11,Parramatta,9.5,28.0,0.0,57.20934,18.5,10,0,1,0
2020-10-12,Parramatta,15.8,25.7,0.0,59.888794,9.899999999999999,10,0,1,0
2020-10-13,Parramatta,12.0,29.8,0.0,42.637043,17.8,10,0,1,0
2020-10-14,Parramatta,15.3,22.8,0.0,44.44426,7.5,10,0,0,0
2020-10-15,Parramatta,12.6,30.3,0.0,54.39204,17.700000000000003,10,0,1,0
2020-10-16,Parramatta,16.7,20.2,0.0,61.234863,3.5,10,0,0,0
2020-10-17,Parramatta,14.5,30.0,0.0,71.544495,15.5,10,0,1,0
2020-10-18,Parramatta,16.3,25.3,2.4,38.35655,9.0,10,0,0,0
2020-10-19,Parramatta,14.5,21.5,4.0,37.185524,7.0,10,0,0,0
2020-10-20,Parramatta,15.2,22.2,0.0,46.394,7.0,10,0,0,0
2020-10-21,Parramatta,10.8,25.0,0.0,48.45801,14.2,10,0,0,0
2020-10-22,Parramatta,12.8,25.8,0.0,65.48867,13.0,10,0,1,0
2020-10-23,Parramatta,13.8,29.4,0.0,63.273872,15.599999999999998,10,0,1,0
2020-10-24,Parramatta,17.0,24.6,6.6,47.301258,7.600000000000001,10,0,0,0
2020-10-25,Parramatta,12.5,15.7,20.0,63.804077,3.1999999999999993,10,0,0,0
2020-10-26,Parramatta,12.0,14.9,26.0,41.13991,2.9000000000000004,10,0,0,0
2020-10-27,Parramatta,11.5,20.3,13.4,47.974422,8.8,10,0,0,0
2020-10-28,Parramatta,12.3,20.8,0.2,54.022297,8.5,10,0,0,0
2020-10-29,Parramatta,13.6,22.4,12.0,58.893955,8.799999999999999,10,0,0,0
2020-10-30,Parramatta,9.4,22.7,0.8,57.918438,13.299999999999999,10,0,0,0
2020-10-31,Parramatta,12.7,25.2,2.8,73.98933,12.5,10,0,0,0
2020-11-01,Parramatta,12.2,19.7,11.2,57.724464,7.5,11,0,0,0
2020-11-02,Parramatta,12.8,21.8,4.0,58.22717,9.0,11,0,0,0
2020-11-03,Parramatta,10.2,23.4,0.0,57.475628,13.2,11,0,0,0
2020-11-04,Parramatta,10.2,28.8,0.0,59.901356,18.6,11,0,1,0
2020-11-05,Parramatta,14.3,16.2,3.6,54.649223,1.8999999999999986,11,0,0,0
2020-11-06,Parramatta,12.3,20.5,17.6,60.62535,8.2,11,0,0,0
2020-11-07,Parramatta,9.5,20.6,0.0,57.496906,11.100000000000001,11,0,0,0
2020-11-08,Parramatta,13.0,21.3,0.0,54.229965,8.3,11,0,0,0
2020-11-09,Parramatta,12.6,21.8,0.0,59.156433,9.200000000000001,11,0,0,0
2020-11-10,Parramatta,9.0,23.7,0.0,66.486786,14.7,11,0,0,0
2020-11-11,Parramatta,11.2,27.7,0.0,64.18009,16.5,11,0,1,0
2020-11-12,Parramatta,14.6,31.3,0.0,49.821426,16.700000000000003,11,0,1,0
2020-11-13,Parramatta,17.8,28.0,1.4,58.901806,10.2,11,0,1,1
2020-11-14,Parramatta,13.3,27.2,0.4,66.34896,13.899999999999999,11,0,1,0
2020-11-15,Parramatta,13.0,31.5,0.0,73.83072,18.5,11,0,1,0
2020-11-16,Parramatta,16.0,38.3,0.0,70.198074,22.299999999999997,11,0,1,0
2020-11-17,Parramatta,16.6,23.6,0.0,68.04625,7.0,11,0,0,0
2020-11-18,Parramatta,15.8,24.2,0.4,72.34827,8.399999999999999,11,0,0,0
2020-11-19,Parramatta,12.0,26.8,0.0,62.32859,14.8,11,0,1,0
2020-11-20,Parramatta,15.8,37.0,0.0,68.74611,21.2,11,0,1,0
2020-11-21,Parramatta,16.8,25.3,0.6,68.62292,8.5,11,0,0,0
2020-11-22,Parramatta,16.0,29.7,1.4,72.304184,13.7,11,0,1,0
2020-11-23,Parramatta,20.3,25.3,3.4,73.71448,5.0,11,0,0,0
2020-11-24,Parramatta,14.5,23.8,1.6,61.09902,9.3,11,0,0,0
2020-11-25,Parramatta,16.3,24.9,1.0,64.763725,8.599999999999998,11,0,0,0
2020-11-26,Parramatta,16.6,34.3,0.0,54.557945,17.699999999999996,11,0,1,0
2020-11-27,Parramatta,17.5,31.7,0.0,58.516647,14.2,11,0,1,1
2020-11-28,Parramatta,18.2,40.6,0.0,57.640465,22.400000000000002,11,0,1,1
2020-11-29,Parramatta,26.5,40.5,0.0,61.516876,14.0,11,0,1,1
2020-11-30,Parramatta,18.0,23.5,0.0,60.175762,5.5,11,0,0,0
2020-12-01,Parramatta,15.0,33.6,0.0,52.96706,18.6,12,1,1,0
2020-12-02,Parramatta,16.7,23.0,11.8,48.462914,6.300000000000001,12,1,0,0
2020-12-03,Parramatta,16.6,25.0,0.2,44.32386,8.399999999999999,12,1,0,0
2020-12-04,Parramatta,17.1,34.5,0.0,60.18554,17.4,12,1,1,0
2020-12-05,Parramatta,16.8,25.5,0.0,76.44633,8.7,12,1,0,0
2020-12-06,Parramatta,19.0,29.8,7.2,75.2518,10.8,12,1,1,1
2020-12-07,Parramatta,15.4,29.7,0.0,79.62469,14.299999999999999,12,1,1,0
2020-12-08,Parramatta,14.8,24.0,0.0,65.33457,9.2,12,1,0,0
2020-12-09,Parramatta,15.2,27.2,0.0,68.50167,12.0,12,1,1,0
2020-12-10,Parramatta,13.6,28.2,0.0,67.86177,14.6,12,1,1,0
2020-12-11,Parramatta,15.5,22.5,0.0,65.3863,7.0,12,1,0,0
2020-12-12,Parramatta,15.8,24.2,0.0,72.5893,8.399999999999999,12,1,0,0
2020-12-13,Parramatta,12.3,23.6,1.6,66.71572,11.3,12,1,0,0
2020-12-14,Parramatta,16.6,24.5,5.0,67.90536,7.899999999999999,12,1,0,0
2020-12-15,Parramatta,18.0,25.0,6.6,60.97023,7.0,12,1,0,0
2020-12-16,Parramatta,20.0,29.5,11.0,63.053726,9.5,12,1,1,1
2020-12-17,Parramatta,19.9,33.3,2.4,70.75744,13.399999999999999,12,1,1,1
2020-12-18,Parramatta,20.0,31.2,0.6,70.287926,11.2,12,1,1,1
2020-12-19,Parramatta,18.5,19.9,1.6,77.36362,1.3999999999999986,12,1,0,0
2020-12-20,Parramatta,17.2,23.8,4.8,70.057816,6.600000000000001,12,1,0,0
2020-12-21,Parramatta,16.8,24.0,0.4,61.276443,7.199999999999999,12,1,0,0
2020-12-22,Parramatta,17.0,27.7,24.4,67.103676,10.7,12,1,1,0
2020-12-23,Parramatta,11.5,26.0,0.0,62.559227,14.5,12,1,1,0
2020-12-24,Parramatta,15.8,28.5,0.0,64.72433,12.7,12,1,1,0
2020-12-25,Parramatta,17.3,21.0,0.0,78.64988,3.6999999999999993,12,1,0,0
2020-12-26,Parramatta,15.8,24.4,1.8,73.00255,8.599999999999998,12,1,0,0
2020-12-27,Parramatta,15.5,31.8,7.2,66.4653,16.3,12,1,1,0
2020-12-28,Parramatta,17.6,30.7,0.0,67.01861,13.099999999999998,12,1,1,1
2020-12-29,Parramatta,15.5,19.7,12.0,70.80701,4.199999999999999,12,1,0,0
2020-12-30,Parramatta,16.0,22.5,11.0,62.985126,6.5,12,1,0,0
2020-12-31,Parramatta,16.2,24.3,1.6,60.582527,8.100000000000001,12,1,0,0
