tmax,tmin,daily_temp_range,humidity_mean,wind_speed_mean,air_pressure_mean,precipitation_total,month,is_summer,actual,predicted,prob_cooling_failure
29.339935,21.190948,8.148987000000002,83.503278625,2.8574388125,1000.2900929166667,8.07762150622,12,1,1,1,0.8194862931210335
23.268158,19.97342,3.294737999999999,86.981185375,3.0831304250000002,1013.51698125,22.344112439,2,1,0,0,0.025418756988219365
18.387665,4.771942,13.615723,55.257619500000004,3.1395581166666666,1017.3617774999999,0.0,5,0,0,0,0.022091719249955677
42.03012,28.089508,13.940611999999998,44.66135504166667,3.0070899612499997,998.5986125,0.0,2,1,0,1,0.7342886682458588
15.74118,5.0457153,10.695464699999999,69.03284166666667,3.038403133333333,1003.7691854166666,0.0123977661,6,0,0,0,0.019565610340262947
24.503693,4.141754,20.361939,67.52057,2.330297475,1018.6002454166666,0.0,8,0,0,0,0.11337514814281217
21.181763,11.034332,10.147431000000001,75.80534629166667,2.4635063166666664,1018.8586183333333,0.023841858,11,0,0,0,0.023207879559271095
19.468048,12.353058,7.114989999999999,79.693800375,2.707480841666667,1011.6757858333334,0.55694580762,10,0,0,0,0.02380473364481009
17.74466,7.5546265,10.190033499999998,56.58653116666667,4.281190991666667,998.7251491666667,0.0057220459,8,0,0,0,0.016718976882485144
19.570404,11.587067,7.983337000000001,72.00999645833333,2.9188307375,1021.0151383333333,0.1430511479,5,0,0,0,0.014551364085971885
28.458344,17.174591,11.283753,63.055030208333335,3.177138991666667,1007.8778900000001,0.019550323760000002,10,0,0,1,0.9124349327429125
19.50058,2.4380188,17.062561199999998,77.925542125,1.5184791916666667,1013.6946537499999,0.0,8,0,0,0,0.05433080974552411
20.319366,14.536163,5.7832029999999985,83.75615325,1.8991541625000001,1013.7372070833334,4.8217773664,4,0,0,0,0.0026462339055297636
21.922394,15.460236,6.4621580000000005,80.10306429166667,1.78542772875,1017.02505125,2.3159980754,3,0,0,0,0.014908350659710842
23.138702,10.289032,12.849669999999998,74.34083283333334,1.59623450625,1005.6932358333333,0.967502584,4,0,0,0,0.056480622052616225
20.104431,6.2814636,13.822967400000001,75.07484004166666,2.1197626791666666,1015.8394445833334,0.0,5,0,0,0,0.01216618403561181
21.391205,17.974762,3.416443000000001,87.40971370833334,2.2286935358333335,1007.5610745833333,3.3173560968999998,12,1,0,0,0.021941269512503272
21.784943,15.340668,6.4442749999999975,82.002593,2.407441075,1013.9397170833332,3.2587051566,3,0,0,0,0.009580895832187018
27.72116,23.2406,4.4805600000000005,72.74533141666667,2.5354359416666665,1005.2413541666666,1.6326904153000001,1,1,0,1,0.6570401696989714
23.080902,12.139313,10.941588999999999,80.884066875,1.4234922520833333,1018.8777945833334,0.4386901915,3,0,0,0,0.04964121462946922
21.884491,20.247162,1.6373290000000011,89.84469083333333,4.484261695833333,1011.6485475,31.02016449,2,1,0,0,0.029040542321574585
26.032104,16.850616,9.181488000000002,75.84171500000001,1.87672056375,1012.0235083333333,0.9679794327000001,3,0,0,0,0.10266507594737936
20.870758,13.507446,7.363311999999999,85.942573375,2.5639965333333334,1008.3869875,5.9309004806,6,0,0,0,0.021345358097723883
22.537628,15.616638,6.9209900000000015,78.99277854166667,2.23841275,1012.8990741666667,3.00598144106,3,0,0,0,0.031409159898354966
31.8013,21.74643,10.054870000000001,75.348973875,2.4881004670833335,1007.1115962499999,0.0,1,1,1,1,0.8140216431157158
17.447388,6.629669,10.817719,76.23645741666667,2.5105673666666664,1002.6491683333334,0.44631957886,6,0,0,0,0.018098746908714523
23.87259,16.560486,7.312103999999998,88.88742020833332,2.434621125,1003.1269379166666,6.34098049342,4,0,0,0,0.030053943967323336
27.739655,19.294952,8.444703,87.46982200000001,1.5199734283333335,997.2849737500001,2.9206275456,1,1,1,1,0.7907003003258366
26.446991,17.038483,9.408508000000001,77.55989595833334,2.0609395175,998.7596716666667,0.3032684316,2,1,1,1,0.5650199549963341
26.613281,14.538666,12.074615000000001,64.23250229166668,2.5708689916666665,1014.4361541666667,0.2031326275,10,0,1,1,0.7166599661343098
18.330933,13.678619,4.652314000000002,86.45514570833335,5.337075495833333,1013.1069358333334,6.107330301,5,0,0,0,0.001926145279237297
23.030853,5.4983826,17.5324704,73.46596004166666,2.6603686416666665,1013.7906370833333,0.0,9,0,0,0,0.10699960691217004
22.429352,13.460297,8.969055,78.88065870833333,2.1738392625,1017.9186141666668,0.44775009210000005,3,0,0,0,0.05447240954051504
26.901764,14.144287,12.757477,72.80422658333333,3.357227208333333,1002.0522908333334,7.141590117,11,0,0,1,0.8440823880523962
30.80893,13.678864,17.130066,55.61311179166666,3.5614337208333335,1009.6446470833333,0.0,10,0,1,1,0.9426213957385654
25.657227,20.30075,5.356476999999998,81.00016679166667,4.2102239416666665,994.7046320833333,15.16103749766,4,0,0,0,0.07973724531059241
19.444519,8.3966675,11.0478515,89.43657145833333,1.5099460416666666,1019.9249687500001,0.32806396926,5,0,0,0,0.0
22.007935,18.988678,3.0192569999999996,91.70999704166667,2.0848794154166668,1012.3699466666667,20.66183082,3,0,0,0,0.03812801198591562
17.696014,2.7864075,14.909606500000002,79.079559125,1.6056291854166667,1017.8217545833332,0.0,7,0,0,0,0.0052689155731489145
18.05371,5.7151794,12.338530599999999,68.62459425,3.3596525791666667,1005.9253329166667,0.0,6,0,0,0,0.02036647293997436
22.646576,16.877136,5.7694399999999995,79.09192408333332,2.530487809583333,1012.7104554166667,2.5606155357000002,12,1,0,0,0.02858261172027229
33.9552,18.821564,15.133636,62.781771666666664,5.065597916666667,999.5619891666666,0.9856224071999999,1,1,0,1,0.8373702215483185
17.996857,12.503571,5.493285999999998,49.913885375,6.090981191666667,998.4551487499999,0.0123977659,5,0,0,0,0.03052169737670066
23.66159,15.125641,8.535949,67.97501,3.0214526250000002,1019.04841,0.9036064182,12,1,0,0,0.060401566720792166
22.795837,18.332733,4.463103999999998,76.25789295454545,3.4895845045454545,1012.9301731818182,1.06477737512,1,1,0,0,0.05141996087436606
23.865387,10.411163,13.454223999999998,73.486894625,2.3060126083333334,1013.1544345833332,0.0,11,0,0,0,0.058597290114010256
24.826263,14.803619,10.022644000000001,77.82220325,3.5525890125,1006.9322991666667,5.4292679025599995,10,0,0,0,0.08264933638927341
30.072723,14.343231,15.729492,41.634917625,3.7472911083333336,997.0647587499999,0.0,12,1,1,1,0.8682608277447373
18.20398,4.345154,13.858826,83.86706195833334,1.19742053,1018.6485029166666,0.0,7,0,0,0,0.004672844976006677
16.510986,10.676727,5.834258999999999,83.36194158333333,1.9007103358333335,1022.7070895833334,1.23262406356,7,0,0,0,0.0
25.302155,15.507355,9.794799999999999,75.94240320833333,3.69147852375,1007.6714975,0.0963211075,3,0,0,0,0.12548688232151017
16.818573,11.4427185,5.375854500000001,94.17895879166667,1.9004145416666667,1013.4243491666666,22.8319165283,7,0,0,0,0.016166533174348942
21.151642,10.009003,11.142638999999999,81.35505279166667,1.9602711708333331,1016.5447908333334,0.4801750185,5,0,0,0,0.0065437422648514845
26.686127,11.93692,14.749206999999998,75.65797991666666,1.9559645570833333,1014.2814,0.02717971772,10,0,1,1,0.770461046832163
20.001587,10.666351,9.335236,50.52877883333333,5.595784158333333,990.6448425,0.14543533,8,0,0,0,0.02329555130985997
26.896301,11.840118,15.056183,64.33844404166668,2.8277787875,1008.8214724999999,0.035762787,4,0,1,1,0.8088636712255662
23.104034,17.814392,5.289641999999997,84.997766875,2.059787254166667,1014.1789770833334,8.239746074,3,0,0,0,0.02489944760267725
28.745575,19.67923,9.066344999999998,87.44292020833335,1.3494889191666666,1003.7798925000001,2.3870468134,2,1,1,1,0.7834101406776413
26.751373,18.606293,8.14508,84.05486275,1.9048672141666667,1010.4998375,1.9888878072,4,0,1,1,0.6384791067253556
25.984375,18.590363,7.394012,66.25434520833333,4.265218508333333,1012.9419316666667,0.5693435632,1,1,0,0,0.1261294320378779
24.358124,7.9927673,16.3653567,72.073108625,2.6215176041666663,1015.9663370833333,0.0,9,0,0,0,0.06603731704560252
20.905273,17.010864,3.8944089999999996,79.02637241666666,2.170225925,1013.5079125000001,0.25701522668,10,0,0,0,0.026642114038780425
19.918701,3.953949,15.964751999999999,72.479714875,1.8058970583333334,1019.59313875,0.0,5,0,0,0,0.024382999024054355
24.066864,11.916962,12.149901999999999,74.11574704166667,2.3727564779166666,1012.4609095833333,0.0,11,0,0,0,0.06652350675739237
17.782715,5.3090515,12.4736635,70.18414416666667,2.4868254999999997,1013.8670945833333,0.0,6,0,0,0,0.014600125958654866
16.751831,3.306488,13.445343,51.242859625,2.930048166666667,1008.65780125,0.0,8,0,0,0,0.0215586627395838
27.03714,16.273834,10.763306,70.21538341666667,3.3120814625,1001.137625,0.55503844836,11,0,1,1,0.8601670607838365
26.418732,20.39505,6.023681999999997,76.55733879166667,1.8224620458333334,1003.1504170833333,0.5731582630000001,2,1,1,0,0.4552026612279013
34.511383,17.632507,16.878876,61.40087045833334,3.6941028208333333,1011.2805995833334,1.974582702,11,0,1,1,0.887565294827329
18.708221,10.99762,7.710601000000002,82.87520966666666,2.850708791666667,1015.1113766666667,0.7076263423,5,0,0,0,0.0014275256222547586
17.886871,7.6696167,10.2172543,80.07650129166667,2.245951295833333,1018.5125879166667,0.5016326896,6,0,0,0,0.0024143677275179163
27.28592,18.958954,8.326966000000002,76.823277375,1.9270379295833333,1010.5245287500001,0.029563903859999997,2,1,1,1,0.809843282984517
16.654297,12.381744,4.272553,64.02083979166666,5.12734805,1001.0628241666667,4.3554306398,5,0,0,0,0.019435014414369952
18.3414,8.157928,10.183472,61.880459374999994,4.6465926875,1011.5037316666667,0.0,6,0,0,0,0.01052413938776508
29.424408,17.479492,11.944916,73.47215445833334,1.8135717875,996.4371975,16.7331696095,1,1,1,1,0.9152183537911999
18.744843,9.048798,9.696045,78.25013058333333,2.239392779166667,1007.0039533333334,0.04863739002,7,0,0,0,0.01706821498727088
27.225128,20.884064,6.341064000000003,73.73174970833334,2.3250936374999998,1003.2539958333333,1.3046264670599999,11,0,1,1,0.7491546466706199
20.165588,10.374115,9.791473,83.49955033333333,1.6181062083333335,1024.262565,1.0695457465,5,0,0,0,0.0
22.489197,18.528564,3.9606330000000014,66.62514179166666,3.4684985249999998,1008.62111625,1.273155217,1,1,0,0,0.06388229357573745
16.741516,8.464447,8.277069000000001,77.24211770833334,3.6252789625,1021.0799579166666,2.17294695476,5,0,0,0,0.005642419249724064
23.025726,16.837921,6.187804999999997,76.11096720833334,2.3665371516666664,1006.0231695833332,1.3480186441,11,0,0,0,0.0471244686518324
21.74524,9.126556,12.618683999999998,73.29373925,2.294599804166667,1022.4847495833333,0.06008148216,9,0,0,0,0.024431691011668654
17.635956,3.5852356,14.0507204,80.06104604166667,1.5889080683333334,1019.3223929166667,0.0,8,0,0,0,0.00641081289044518
20.198944,8.259613,11.939331000000001,66.52496770833334,3.3898212666666665,992.2522050000001,0.02956390336,8,0,0,0,0.026138151818709418
30.186432,11.717743,18.468688999999998,60.52897566666667,2.536625804166667,1012.9075670833334,0.0038146973,9,0,0,1,0.9303928455761514
29.806976,15.371979,14.434997,52.5590805,3.3266732208333334,1007.9363833333333,0.8687973170000001,9,0,0,1,0.8989406911789992
18.98526,9.570038,9.415222,50.6629235,5.048467708333333,1003.9832895833333,0.0,5,0,0,0,0.020705347070495934
28.43338,13.409576,15.023804,81.8734505,2.876442283333333,1004.44599125,0.16832351656,9,0,1,1,0.8459829505677605
28.549042,13.706451,14.842591,73.22309104166666,1.749095718333333,998.6998762499999,1.835346249,11,0,1,1,0.9300001451733588
17.104248,6.229187,10.875060999999999,90.64188683333333,1.5341803,1007.7443008333333,0.06341934203999999,7,0,0,0,0.009480170487878987
20.16153,15.04245,5.1190799999999985,75.12904400000001,2.254828325,1010.8796308333334,1.58309938376,10,0,0,0,0.02655572266375018
20.26596,10.982513,9.283446999999999,76.72498666666667,2.2125544749999997,1010.8835841666668,0.5645751988000001,11,0,0,0,0.032943672988804226
33.807922,17.702423,16.105499,51.24418020833334,4.9915827041666665,1006.2781841666666,0.2145767213,2,1,1,1,0.8432193931518907
18.172394,8.1214905,10.0509035,55.04931295833333,4.4461873375000005,997.89717125,0.44059752976,8,0,0,0,0.021730897665376215
27.781708,20.638214,7.143493999999997,84.73983333333334,1.8384778416666665,1001.08486375,4.0884017693,2,1,1,1,0.7917079728008602
18.935364,13.096832,5.838532000000001,77.90571779166667,5.652131645833333,1007.9998141666666,4.7683715889,11,0,0,0,0.02477867793111199
34.80136,15.492035,19.309325,62.82988279166667,2.8338535099999995,1008.1687379166666,0.54502485716,3,0,1,1,0.9185591683370993
27.172424,14.654358,12.518066,63.136048375,2.45992075,1009.5997554166667,0.0,12,1,1,1,0.9525126437124948
26.915436,18.256592,8.658843999999998,68.69876379166666,3.040281445833333,1007.5849499999999,0.024795532119999998,12,1,1,1,0.7865022287977272
16.443695,10.11853,6.325165000000002,79.76043345833334,4.883100304166667,1009.53301375,7.779121454659999,7,0,0,0,0.0037884808355733946
33.180725,17.506989,15.673736000000002,60.57398475,2.566106125,1004.9857375,0.0686645508,12,1,1,1,0.9630657681949039
41.11862,23.680908,17.437712,47.526847874999994,3.754177004166667,996.3782116666666,0.7548332245999999,1,1,0,1,0.6525643300970485
20.42746,10.043213,10.384247,85.09917425,2.7210758416666665,1013.5692037499999,0.01287460346,5,0,0,0,0.0037828059506292574
24.680084,12.6336975,12.0463865,76.72056966666666,3.464167375,1018.2487962499999,1.8424987852,9,0,0,0,0.0761201442688983
26.624481,19.697723,6.9267579999999995,67.91425079166667,3.8911144875,1009.6570658333334,0.06771087606,1,1,0,1,0.5870281420080918
21.177246,10.555267,10.621979,72.304653875,2.0579566233333333,1017.1695575,0.2517700195,11,0,0,0,0.030483906335429238
15.999542,9.178589,6.820952999999999,48.54907766666667,5.892699941666667,998.1768470833334,0.0,8,0,0,0,0.014862123546593324
21.593231,16.067474,5.525756999999999,82.079819125,2.3850203083333334,1018.3778408333333,2.2182464645,3,0,0,0,0.006429380680671865
19.370026,13.281036,6.088989999999999,63.22563508333334,3.8153777375,1018.8361541666667,0.1664161666,11,0,0,0,0.034621235500847544
21.757599,11.278015,10.479584,81.33930608333334,1.7357792645833332,1007.14644375,1.27887725866,4,0,0,0,0.020808628214199976
29.156647,15.81369,13.342957,73.97533404166667,3.0476065583333334,1005.0395704166667,0.0019073486,11,0,1,1,0.9501056352317585
